,Country,Year,Data Source,Age Range,Stunting prevalence  (%)_Mean,Stunting prevalence  (%)_CI_Low,Stunting prevalence  (%)_CI_High,Underweight prevalence  (%)_Mean,Underweight prevalence  (%)_CI_Low,Underweight prevalence  (%)_CI_High,Wasting prevalence  (%)_Mean,Wasting prevalence  (%)_CI_Low,Wasting prevalence  (%)_CI_High,Severe wasting prevalence  (%)_Mean,Severe wasting prevalence  (%)_CI_Low,Severe wasting prevalence  (%)_CI_High,Overweight prevalence  (%)_Mean,Overweight prevalence  (%)_CI_Low,Overweight prevalence  (%)_CI_High
0,Albania,2017,DHS,0-1 Years,11.1,8.7,14.2,2.3,1.3,4.0,2.0,1.2,3.1,0.7,0.4,1.5,19.7,16.6,23.2
1,Albania,2008,DHS,0-1 Years,29.6,24.8,34.8,7.4,5.3,10.4,12.9,10.2,16.3,7.0,4.8,10.1,24.5,19.5,30.3
2,Albania,2005,MICS,0-1 Years,26.7,22.2,31.8,8.0,5.3,11.9,7.7,5.2,11.4,2.8,1.4,5.3,22.2,18.2,26.8
3,Algeria,2018,MICS,0-1 Years,9.3,8.1,10.6,3.5,2.8,4.3,4.3,3.6,5.2,2.4,1.9,3.0,15.1,13.9,16.5
4,Algeria,2012,MICS,0-1 Years,11.4,10.3,12.5,3.4,2.9,4.0,5.8,5.1,6.7,2.1,1.7,2.6,15.8,14.5,17.2
5,Angola,2015,DHS,0-1 Years,32.7,30.2,35.2,18.8,17.1,20.7,6.7,5.7,7.9,1.6,1.2,2.3,4.8,3.7,6.0
6,Armenia,2015,DHS,0-1 Years,12.9,10.2,16.2,3.0,1.9,4.8,3.2,2.1,4.8,1.0,0.5,2.3,14.9,11.9,18.4
7,Armenia,2010,DHS,0-1 Years,18.0,14.8,21.7,5.9,4.0,8.6,4.4,2.9,6.7,2.1,1.0,4.0,15.0,12.1,18.5
8,Armenia,2005,DHS,0-1 Years,19.2,14.4,25.1,5.4,3.3,8.7,6.9,4.3,10.8,3.0,1.4,6.1,11.6,8.9,15.0
9,Armenia,2000,DHS,0-1 Years,12.6,9.8,16.1,3.3,2.0,5.4,4.5,2.9,6.8,1.5,0.8,3.0,17.6,14.5,21.1
10,Azerbaijan,2006,DHS,0-1 Years,18.1,15.1,21.5,7.7,5.9,9.9,10.8,8.5,13.6,3.2,1.9,5.4,10.2,8.0,12.9
11,Bangladesh,2019,MICS,0-1 Years,24.3,23.2,25.4,19.3,18.3,20.2,10.4,9.7,11.2,2.8,2.4,3.2,3.2,2.8,3.7
12,Bangladesh,2014,DHS,0-1 Years,28.6,26.4,30.9,26.8,24.6,29.0,17.1,14.8,19.6,4.8,3.7,6.1,2.1,1.3,3.3
13,Bangladesh,2012,MICS,0-1 Years,33.8,32.5,35.2,26.4,25.1,27.7,11.4,10.5,12.4,2.3,1.9,2.7,2.0,1.6,2.5
14,Bangladesh,2011,DHS,0-1 Years,34.8,32.7,36.9,28.5,26.4,30.7,15.3,13.7,17.1,4.9,4.0,6.0,2.8,2.2,3.6
15,Bangladesh,2007,DHS,0-1 Years,32.1,29.8,34.5,34.4,31.9,37.0,20.3,18.3,22.4,4.2,3.3,5.3,1.2,0.7,1.9
16,Bangladesh,2004,DHS,0-1 Years,40.7,38.1,43.3,38.8,36.4,41.2,18.2,16.4,20.2,5.2,4.2,6.5,1.7,1.2,2.4
17,Bangladesh,1999,DHS,0-1 Years,41.2,39.2,43.3,38.7,36.5,41.0,16.6,14.8,18.6,4.0,3.3,4.8,1.1,0.7,1.6
18,Bangladesh,1996,DHS,0-1 Years,47.0,44.5,49.4,49.0,46.5,51.6,28.9,26.8,31.1,10.7,9.3,12.3,2.7,2.0,3.5
19,Barbados,2012,MICS,0-1 Years,11.4,6.8,18.4,5.6,2.8,11.0,13.0,8.1,20.2,3.8,1.5,9.3,16.5,10.4,25.1
20,Belarus,2005,MICS,0-1 Years,5.6,4.1,7.7,2.1,1.1,3.8,2.5,1.4,4.6,0.7,0.2,2.1,13.2,11.3,15.3
21,Belize,2015,MICS,0-1 Years,11.8,9.3,14.7,4.0,2.6,6.0,2.1,1.2,3.6,1.0,0.5,1.9,7.2,5.3,9.6
22,Belize,2011,MICS,0-1 Years,17.9,14.9,21.4,5.0,3.6,7.0,3.0,1.9,4.8,1.2,0.5,2.5,8.9,6.7,11.7
23,Belize,2006,MICS,0-1 Years,19.8,15.6,25.0,2.8,1.3,5.7,1.5,0.5,4.0,0.7,0.2,3.0,16.9,12.7,22.1
24,Benin,2017,DHS,0-1 Years,25.7,24.4,27.1,17.2,15.9,18.5,7.7,6.9,8.6,1.8,1.5,2.2,2.6,2.2,3.1
25,Benin,2014,MICS,0-1 Years,26.4,24.5,28.3,17.1,15.6,18.6,6.7,5.8,7.7,1.6,1.2,2.1,2.4,1.9,3.0
26,Benin,2001,DHS,0-1 Years,25.6,23.8,27.6,20.3,18.6,22.2,16.1,14.7,17.7,5.4,4.5,6.5,3.5,2.7,4.5
27,Bhutan,2010,MICS,0-1 Years,27.4,24.8,30.2,10.5,9.1,12.1,9.2,7.7,10.8,3.8,3.0,4.8,9.9,8.2,11.9
28,Bolivia (Plurinational State of),2008,DHS,0-1 Years,20.9,19.1,22.9,5.6,4.6,6.7,2.7,2.1,3.5,1.0,0.7,1.4,9.3,8.1,10.7
29,Bolivia (Plurinational State of),2003,DHS,0-1 Years,25.6,23.9,27.5,7.5,6.6,8.6,3.0,2.5,3.7,1.1,0.8,1.6,10.6,9.3,12.0
30,Bolivia (Plurinational State of),1998,DHS,0-1 Years,27.4,25.4,29.5,6.9,5.9,7.9,3.0,2.3,3.8,1.3,0.9,1.8,12.0,10.5,13.7
31,Bosnia and Herzegovina,2011,MICS,0-1 Years,13.3,9.6,18.2,2.4,1.2,4.7,3.3,1.6,6.6,2.2,0.8,5.9,18.5,14.7,23.0
32,Bosnia and Herzegovina,2006,MICS,0-1 Years,13.0,10.7,15.6,1.6,0.8,3.1,6.1,4.3,8.5,1.7,1.1,2.7,24.8,21.4,28.6
33,Brazil,1996,DHS,0-1 Years,12.4,10.7,14.2,4.6,3.7,5.7,3.8,3.0,5.0,1.8,1.2,2.7,8.0,6.6,9.7
34,Burkina Faso,2010,DHS,0-1 Years,26.0,24.3,27.9,28.9,26.8,31.0,24.8,22.8,26.9,9.8,8.7,11.2,2.5,1.9,3.3
35,Burkina Faso,1998,DHS,0-1 Years,27.8,25.5,30.2,31.0,28.3,33.8,24.5,22.3,26.9,9.0,7.5,10.7,1.8,1.2,2.8
36,Burundi,2016,DHS,0-1 Years,46.1,43.8,48.4,25.8,23.9,27.7,7.6,6.6,8.9,1.2,0.8,1.7,1.7,1.2,2.3
37,Burundi,2010,DHS,0-1 Years,47.8,45.0,50.6,28.8,26.3,31.5,9.2,7.6,11.2,2.8,2.0,3.8,3.4,2.6,4.6
38,Cambodia,2014,DHS,0-1 Years,24.5,22.2,27.0,17.0,14.9,19.2,11.4,9.5,13.5,3.7,2.8,4.9,3.6,2.5,5.0
39,Cambodia,2010,DHS,0-1 Years,28.7,26.1,31.6,20.8,18.6,23.3,14.0,12.1,16.1,3.4,2.5,4.7,2.5,1.8,3.7
40,Cambodia,2005,DHS,0-1 Years,31.0,27.9,34.4,21.6,19.2,24.2,11.0,9.3,13.0,2.9,2.0,4.1,2.3,1.6,3.3
41,Cambodia,2000,DHS,0-1 Years,36.1,33.1,39.1,29.4,26.9,32.1,20.2,17.7,22.9,9.5,7.8,11.7,6.3,4.9,8.1
42,Cameroon,2018,DHS,0-1 Years,27.2,24.6,29.9,11.0,9.2,13.2,5.8,4.5,7.4,2.0,1.4,3.0,12.7,10.4,15.6
43,Cameroon,2014,MICS,0-1 Years,23.9,22.2,25.7,13.5,11.7,15.4,7.3,6.0,8.9,2.0,1.4,2.8,7.9,6.6,9.3
44,Cameroon,2011,DHS,0-1 Years,24.7,22.8,26.7,14.7,13.0,16.5,9.2,7.9,10.6,3.1,2.4,4.0,7.5,6.2,9.1
45,Cameroon,2006,MICS,0-1 Years,27.2,24.8,29.7,16.5,14.3,18.9,13.4,11.5,15.5,4.9,3.7,6.6,8.6,7.1,10.3
46,Cameroon,2004,DHS,0-1 Years,29.6,27.4,32.0,14.9,13.2,16.8,9.5,8.2,11.0,4.0,3.0,5.2,8.4,6.7,10.3
47,Central African Republic,2018,MICS,0-1 Years,27.0,25.1,29.0,17.2,15.7,18.7,7.8,6.8,8.9,2.3,1.8,3.1,3.4,2.6,4.3
48,Central African Republic,2010,MICS,0-1 Years,28.1,26.2,30.0,20.3,18.7,22.1,11.1,9.8,12.5,2.7,2.1,3.3,2.1,1.7,2.7
49,Central African Republic,2006,MICS,0-1 Years,31.3,28.9,33.8,22.3,20.4,24.3,16.4,14.7,18.3,6.6,5.6,7.7,10.2,8.3,12.5
50,Chad,2019,MICS,0-1 Years,30.0,28.6,31.4,28.9,27.5,30.3,18.5,17.2,19.8,6.6,6.0,7.4,2.6,2.2,3.1
51,Chad,2014,DHS,0-1 Years,25.7,24.1,27.3,23.8,22.3,25.5,18.1,16.5,19.8,6.1,5.2,7.2,2.2,1.8,2.8
52,Chad,2010,MICS,0-1 Years,31.1,29.3,32.9,29.1,27.2,31.1,20.3,18.7,21.9,7.3,6.3,8.3,2.3,1.8,2.9
53,Chad,2004,DHS,0-1 Years,28.7,26.4,31.1,29.2,26.0,32.6,23.7,20.8,26.9,9.7,7.9,11.9,3.5,2.5,4.8
54,Chad,1996,DHS,0-1 Years,30.7,28.4,33.1,29.5,27.4,31.7,23.4,21.8,25.0,9.4,8.2,10.9,2.7,2.0,3.6
55,Colombia,2000,DHS,0-1 Years,15.8,14.1,17.6,4.5,3.6,5.6,1.7,1.2,2.5,0.6,0.3,1.1,6.8,5.6,8.3
56,Colombia,1995,DHS,0-1 Years,15.5,13.9,17.3,5.4,4.4,6.6,1.9,1.4,2.7,0.6,0.3,1.1,5.1,4.1,6.3
57,Comoros,2012,DHS,0-1 Years,30.7,27.3,34.3,16.3,14.0,18.7,15.3,13.0,17.9,5.8,4.4,7.7,10.5,8.6,12.7
58,Congo,2014,MICS,0-1 Years,20.7,18.7,22.9,13.7,12.1,15.5,11.3,9.5,13.3,3.4,2.4,4.8,7.1,5.2,9.5
59,Congo,2011,DHS,0-1 Years,21.7,19.0,24.6,12.3,10.2,14.8,8.0,6.6,9.8,2.6,1.8,3.7,3.5,2.6,4.8
60,Congo,2005,DHS,0-1 Years,25.0,22.7,27.4,11.0,9.7,12.5,10.5,8.9,12.4,4.4,3.4,5.8,9.1,7.3,11.2
61,Costa Rica,2018,MICS,0-1 Years,7.9,5.9,10.6,2.7,1.7,4.4,1.7,0.9,2.9,0.1,0.0,0.4,8.1,5.5,11.7
62,Côte d'Ivoire,2016,MICS,0-1 Years,16.5,14.9,18.3,13.3,11.9,14.8,9.9,8.7,11.2,2.2,1.7,2.9,1.9,1.4,2.5
63,Côte d'Ivoire,2011,DHS,0-1 Years,24.0,21.4,26.9,17.0,14.9,19.4,12.7,10.8,14.9,3.4,2.4,4.7,3.7,2.7,5.1
64,Côte d'Ivoire,1998,DHS,0-1 Years,24.5,21.2,28.0,18.9,15.8,22.5,9.6,7.0,13.1,2.5,1.7,3.8,4.6,3.0,6.8
65,Cuba,2019,MICS,0-1 Years,6.5,4.8,8.6,1.9,1.0,3.4,2.6,1.6,4.3,0.8,0.4,2.0,11.1,8.7,14.1
66,Democratic Republic of the Congo,2017,MICS,0-1 Years,33.2,31.2,35.3,18.9,17.4,20.4,8.2,7.1,9.3,2.9,2.3,3.6,5.3,4.5,6.3
67,Democratic Republic of the Congo,2013,DHS,0-1 Years,29.2,27.0,31.5,17.2,15.5,19.1,11.0,9.5,12.8,4.0,3.2,5.1,6.1,4.9,7.5
68,Democratic Republic of the Congo,2010,MICS,0-1 Years,32.8,30.8,34.8,20.5,18.8,22.4,11.3,10.1,12.7,3.6,2.9,4.3,5.2,4.3,6.4
69,Democratic Republic of the Congo,2007,DHS,0-1 Years,30.7,26.3,35.4,18.1,15.3,21.4,14.4,11.2,18.3,6.6,4.8,9.0,7.9,6.1,10.2
70,Dominican Republic,2013,DHS,0-1 Years,8.8,7.2,10.7,4.0,2.8,5.7,2.8,1.9,4.2,1.0,0.4,2.3,10.2,8.3,12.6
71,Dominican Republic,2007,DHS,0-1 Years,10.7,9.3,12.3,3.8,2.9,4.9,2.7,2.0,3.5,1.1,0.7,1.7,9.4,8.2,10.9
72,Dominican Republic,2002,DHS,0-1 Years,11.9,10.5,13.5,4.0,3.4,4.8,3.3,2.6,4.2,1.3,0.9,2.0,9.0,7.7,10.4
73,Dominican Republic,1996,DHS,0-1 Years,13.0,11.1,15.0,5.2,4.0,6.7,3.3,2.4,4.5,1.0,0.6,1.7,7.0,5.3,9.2
74,Ecuador,2004,RHS,0-1 Years,21.3,19.0,23.8,6.1,4.8,7.7,4.5,3.5,5.8,1.6,1.0,2.4,5.5,4.5,6.6
75,Egypt,2014,DHS,0-1 Years,22.0,20.7,23.4,7.9,7.1,8.8,12.0,10.9,13.1,6.3,5.6,7.1,16.1,15.0,17.4
76,Egypt,2008,DHS,0-1 Years,28.7,27.0,30.3,7.0,6.2,8.0,9.1,8.2,10.2,4.3,3.6,5.1,20.2,18.8,21.7
77,Egypt,2005,DHS,0-1 Years,27.0,25.6,28.5,8.0,7.2,8.9,8.0,7.1,9.1,4.0,3.4,4.8,16.8,15.6,18.0
78,Egypt,2000,DHS,0-1 Years,25.2,23.7,26.8,,,,,,,,,,,,
79,Egypt,1995,DHS,0-1 Years,31.0,29.3,32.7,14.4,13.0,15.8,9.2,8.1,10.4,3.8,3.1,4.6,12.4,11.1,13.8
80,El Salvador,2014,MICS,0-1 Years,12.3,10.7,14.1,4.9,3.9,6.2,3.0,2.3,3.9,0.6,0.4,1.1,5.9,4.9,7.2
81,El Salvador,2008,RHS,0-1 Years,17.9,15.5,20.7,6.2,4.7,8.1,2.3,1.6,3.2,0.5,0.2,1.0,6.0,4.7,7.6
82,El Salvador,2002,RHS,0-1 Years,18.6,16.0,21.5,6.0,4.5,7.9,2.1,1.3,3.3,0.3,0.1,0.9,6.8,4.6,9.8
83,El Salvador,1998,RHS,0-1 Years,25.1,22.5,27.9,8.4,7.0,10.0,2.4,1.8,3.3,0.7,0.3,1.2,4.6,3.6,6.0
84,El Salvador,1993,RHS,0-1 Years,20.9,18.6,23.5,6.8,5.6,8.1,2.6,1.8,3.6,0.9,0.3,2.2,3.9,3.0,5.1
85,Eswatini,2014,MICS,0-1 Years,23.8,20.8,27.1,7.2,5.4,9.7,3.5,2.0,6.0,0.7,0.3,1.5,12.9,10.5,15.8
86,Eswatini,2010,MICS,0-1 Years,27.2,24.2,30.4,6.2,4.6,8.2,1.6,0.9,2.9,0.8,0.3,2.0,14.5,12.3,17.1
87,Eswatini,2006,DHS,0-1 Years,27.0,23.9,30.2,7.7,6.2,9.5,4.7,3.6,6.0,1.8,1.2,2.7,14.0,12.0,16.2
88,Ethiopia,2016,DHS,0-1 Years,28.0,25.8,30.2,18.4,16.5,20.5,13.6,12.0,15.5,4.0,3.1,5.1,4.8,3.8,6.2
89,Ethiopia,2011,DHS,0-1 Years,29.8,27.6,32.0,22.7,20.5,25.1,14.3,12.6,16.1,4.9,3.8,6.2,2.7,2.1,3.5
90,Ethiopia,2005,DHS,0-1 Years,38.7,35.5,42.1,27.8,24.9,31.0,16.9,14.3,19.7,6.6,5.3,8.2,7.9,6.2,9.9
91,Ethiopia,2000,DHS,0-1 Years,44.4,42.0,46.9,35.9,33.6,38.3,18.7,16.9,20.6,6.5,5.5,7.6,3.5,2.8,4.4
92,Gabon,2012,DHS,0-1 Years,15.7,13.2,18.7,6.3,4.9,8.1,4.1,3.0,5.5,1.8,1.1,2.9,10.0,8.0,12.5
93,Gabon,2000,DHS,0-1 Years,23.7,21.5,26.0,10.0,8.5,11.7,6.1,4.9,7.7,2.3,1.7,3.2,6.8,5.3,8.6
94,Gambia,2018,MICS,0-1 Years,16.5,14.8,18.3,12.8,11.5,14.3,6.7,5.7,7.9,1.5,1.1,2.2,2.4,1.8,3.1
95,Gambia,2013,DHS,0-1 Years,21.3,18.2,24.8,15.7,13.4,18.2,15.1,12.6,18.1,6.5,4.8,8.7,4.1,3.1,5.5
96,Gambia,2010,MICS,0-1 Years,20.6,18.8,22.5,17.4,15.8,19.2,11.9,10.7,13.1,3.3,2.8,3.9,3.3,2.6,4.2
97,Gambia,2005,MICS,0-1 Years,23.7,22.3,25.2,16.5,14.8,18.4,10.7,9.4,12.0,3.1,2.6,3.8,3.7,3.1,4.4
98,Georgia,2018,MICS,0-1 Years,3.6,2.2,5.8,2.4,1.0,5.7,1.5,0.5,4.0,,,,5.2,3.4,8.0
99,Georgia,2005,MICS,0-1 Years,13.2,10.7,16.3,3.4,2.2,5.2,4.0,2.5,6.1,1.4,0.6,3.0,21.6,18.5,25.0
100,Ghana,2017,MICS,0-1 Years,13.7,12.1,15.3,14.9,13.0,17.0,12.1,10.4,14.1,2.6,1.8,3.7,1.5,1.0,2.2
101,Ghana,2014,DHS,0-1 Years,12.7,10.7,15.0,10.7,8.9,12.7,7.6,5.7,10.0,1.4,0.8,2.4,3.1,2.0,4.7
102,Ghana,2011,MICS,0-1 Years,18.0,15.9,20.2,13.7,12.1,15.4,9.6,8.2,11.2,2.4,1.6,3.4,3.5,2.5,4.9
103,Ghana,2008,DHS,0-1 Years,21.4,18.7,24.4,15.1,13.1,17.4,16.2,14.1,18.5,4.9,3.7,6.5,5.7,4.2,7.8
104,Ghana,2006,MICS,0-1 Years,21.8,18.9,25.0,15.0,12.7,17.6,9.6,7.6,11.9,2.7,1.9,3.9,3.4,2.5,4.6
105,Ghana,2003,DHS,0-1 Years,25.9,23.4,28.5,19.9,17.6,22.5,14.1,12.4,16.0,4.5,3.5,5.9,5.1,3.9,6.6
106,Ghana,1998,DHS,0-1 Years,20.2,17.8,22.8,19.4,17.0,22.0,16.2,14.1,18.6,4.5,3.4,5.8,3.5,2.5,4.8
107,Guatemala,2014,DHS,0-1 Years,42.4,40.4,44.5,11.8,10.6,13.1,1.0,0.7,1.4,0.1,0.0,0.3,7.5,6.7,8.4
108,Guatemala,2008,RHS,0-1 Years,46.6,45.0,48.1,14.5,12.3,17.1,1.8,1.2,2.8,0.2,0.1,0.5,3.7,2.9,4.8
109,Guatemala,2002,RHS,0-1 Years,48.4,45.4,51.3,16.8,15.0,18.8,3.6,2.8,4.7,1.8,1.2,2.8,6.6,5.7,7.7
110,Guatemala,1998,DHS,0-1 Years,44.5,39.1,50.0,19.4,15.3,24.3,4.9,3.3,7.2,2.4,1.4,4.1,9.2,7.3,11.6
111,Guatemala,1995,DHS,0-1 Years,44.9,42.1,47.8,19.0,17.2,20.9,5.1,4.3,6.1,2.0,1.4,2.8,8.5,7.3,9.9
112,Guinea,2018,DHS,0-1 Years,27.7,25.0,30.6,16.3,14.4,18.4,10.8,9.0,12.9,4.2,3.2,5.4,7.0,5.6,8.6
113,Guinea,2016,MICS,0-1 Years,27.1,25.0,29.4,17.2,15.5,19.0,11.3,9.9,12.8,4.4,3.5,5.4,4.9,3.9,6.1
114,Guinea,2012,DHS,0-1 Years,19.9,17.3,22.7,16.6,14.4,19.1,15.8,13.8,18.1,6.9,5.5,8.5,4.3,3.2,5.9
115,Guinea,2005,DHS,0-1 Years,26.9,23.8,30.2,20.3,17.6,23.4,16.4,13.9,19.3,6.7,5.0,8.7,7.0,5.6,8.7
116,Guinea,1999,DHS,0-1 Years,24.7,22.5,27.1,22.0,19.9,24.4,15.7,13.9,17.7,6.7,5.5,8.1,5.3,4.3,6.5
117,Guinea-Bissau,2018,MICS,0-1 Years,25.3,23.3,27.5,15.3,13.8,16.8,6.0,5.1,7.2,1.5,1.1,2.2,3.8,3.1,4.8
118,Guinea-Bissau,2014,MICS,0-1 Years,22.4,20.5,24.5,14.7,13.1,16.3,7.2,6.2,8.3,1.8,1.2,2.7,3.7,2.9,4.6
119,Guyana,2014,MICS,0-1 Years,11.1,8.7,14.1,7.5,5.6,10.0,6.4,4.9,8.3,1.8,1.2,2.8,4.9,3.5,6.8
120,Guyana,2009,DHS,0-1 Years,20.7,17.3,24.5,13.2,10.5,16.6,7.1,4.9,10.0,2.2,1.2,4.1,8.4,5.8,11.9
121,Guyana,2006,MICS,0-1 Years,19.9,16.4,23.9,11.9,9.4,14.9,10.9,8.5,13.9,4.8,3.3,7.1,8.9,6.8,11.7
122,Haiti,2016,DHS,0-1 Years,17.6,15.7,19.6,10.0,8.5,11.6,6.3,5.2,7.6,1.5,0.9,2.3,4.3,3.5,5.4
123,Haiti,2012,DHS,0-1 Years,16.2,14.1,18.5,11.4,9.8,13.3,7.4,6.1,8.9,1.6,1.1,2.5,4.6,3.6,5.9
124,Haiti,2005,DHS,0-1 Years,25.2,22.4,28.1,18.8,16.4,21.4,12.4,9.8,15.7,3.7,2.5,5.3,5.9,4.6,7.6
125,Haiti,2000,DHS,0-1 Years,21.4,18.6,24.5,12.4,9.9,15.5,8.7,7.4,10.3,2.0,1.5,2.8,4.6,3.4,6.3
126,Haiti,1994,DHS,0-1 Years,28.0,25.2,31.0,20.1,17.9,22.6,12.8,11.2,14.7,4.7,3.6,6.3,6.5,4.7,8.7
127,Honduras,2011,DHS,0-1 Years,16.5,15.2,17.8,6.1,5.4,6.9,2.0,1.6,2.5,0.6,0.4,0.9,5.8,5.0,6.7
128,Honduras,2005,DHS,0-1 Years,22.5,21.1,24.0,7.2,6.4,8.1,2.1,1.7,2.7,0.4,0.3,0.8,7.0,6.0,8.0
129,Honduras,2001,RHS,0-1 Years,24.7,22.4,27.1,10.3,8.9,11.9,2.0,1.5,2.7,0.3,0.2,0.7,3.8,3.1,4.7
130,Honduras,1991,RHS,0-1 Years,31.5,29.1,34.1,13.4,11.8,15.2,3.6,2.9,4.5,0.9,0.6,1.4,3.6,3.0,4.4
131,India,2015,DHS,0-1 Years,32.6,32.1,33.0,32.6,32.2,33.1,25.1,24.7,25.6,10.0,9.7,10.3,3.4,3.3,3.6
132,India,2005,DHS,0-1 Years,39.5,38.4,40.6,39.6,38.5,40.6,26.3,25.4,27.3,9.9,9.2,10.5,2.8,2.5,3.2
133,Iraq,2018,MICS,0-1 Years,11.4,10.0,13.0,4.6,3.9,5.3,5.2,4.5,6.0,1.6,1.2,2.1,7.2,6.1,8.4
134,Iraq,2011,MICS,0-1 Years,23.3,22.2,24.6,8.7,8.0,9.5,8.7,7.9,9.5,3.7,3.2,4.2,13.0,12.0,14.0
135,Iraq,2006,MICS,0-1 Years,27.0,25.5,28.5,8.8,8.0,9.7,7.2,6.5,8.1,3.9,3.4,4.5,16.9,15.7,18.2
136,Jordan,2012,DHS,0-1 Years,9.6,7.8,11.9,3.2,2.2,4.7,2.5,1.7,3.7,1.0,0.6,1.9,7.1,5.4,9.1
137,Jordan,2002,DHS,0-1 Years,11.1,9.4,13.0,3.4,2.5,4.5,3.5,2.5,5.0,1.1,0.6,2.0,5.9,4.8,7.2
138,Jordan,1997,DHS,0-1 Years,10.8,9.4,12.4,4.0,3.1,5.1,3.1,2.4,4.0,0.6,0.3,1.0,6.2,5.3,7.2
139,Kazakhstan,2015,MICS,0-1 Years,7.1,5.6,9.0,2.1,1.5,3.0,5.1,4.0,6.5,1.8,1.2,2.6,11.0,9.1,13.3
140,Kazakhstan,2010,MICS,0-1 Years,15.4,13.5,17.6,4.8,3.8,6.1,5.4,4.2,6.9,2.3,1.6,3.4,16.0,14.2,18.0
141,Kazakhstan,2006,MICS,0-1 Years,16.9,14.9,19.1,5.6,4.5,7.1,5.3,4.3,6.7,2.3,1.6,3.2,20.0,18.0,22.2
142,Kazakhstan,1999,DHS,0-1 Years,12.0,8.2,17.3,5.1,2.4,10.4,3.4,1.5,7.3,1.5,0.5,4.5,6.0,3.3,10.7
143,Kenya,2014,DHS,0-1 Years,22.5,21.3,23.8,9.3,8.5,10.2,5.4,4.8,6.1,1.6,1.2,2.0,6.7,6.0,7.5
144,Kenya,2008,DHS,0-1 Years,33.0,29.6,36.6,13.7,11.6,16.1,8.4,6.9,10.1,2.7,2.0,3.7,8.2,6.9,9.7
145,Kenya,2003,DHS,0-1 Years,31.1,28.8,33.6,15.5,13.8,17.3,8.4,7.1,9.8,3.4,2.7,4.2,8.4,7.1,9.8
146,Kenya,1993,DHS,0-1 Years,32.8,30.7,35.1,18.8,16.8,20.9,9.5,7.8,11.6,3.6,2.4,5.3,7.7,6.4,9.2
147,Kiribati,2018,MICS,0-1 Years,10.1,8.2,12.3,8.3,6.3,10.8,6.2,4.7,8.1,2.1,1.3,3.4,3.0,1.9,4.8
148,Kyrgyzstan,2018,MICS,0-1 Years,10.8,9.0,12.9,2.6,1.5,4.2,3.1,2.1,4.4,1.1,0.5,2.3,9.0,7.1,11.3
149,Kyrgyzstan,2014,MICS,0-1 Years,10.7,9.0,12.6,2.3,1.6,3.2,3.5,2.6,4.6,1.0,0.6,1.9,9.6,8.0,11.4
150,Kyrgyzstan,2012,DHS,0-1 Years,14.6,12.4,17.3,3.3,2.3,4.6,3.9,2.9,5.1,1.5,1.0,2.2,11.6,9.9,13.5
151,Kyrgyzstan,2005,MICS,0-1 Years,13.8,11.1,17.0,2.1,1.3,3.3,4.3,2.9,6.4,1.5,0.8,2.6,13.6,10.9,16.8
152,Lao People's Democratic Republic,2017,MICS,0-1 Years,25.4,23.8,27.1,16.6,15.3,18.1,10.1,9.1,11.2,3.1,2.5,3.8,4.5,3.8,5.3
153,Lao People's Democratic Republic,2011,MICS,0-1 Years,32.3,30.4,34.2,20.2,18.4,22.2,7.0,6.2,8.0,1.9,1.5,2.4,3.1,2.5,3.8
154,Lao People's Democratic Republic,2006,MICS,0-1 Years,36.7,34.0,39.5,25.6,22.8,28.6,10.6,8.8,12.8,2.2,1.6,3.0,2.2,1.5,3.1
155,Lesotho,2018,MICS,0-1 Years,34.6,31.2,38.1,11.0,8.9,13.5,2.9,1.9,4.3,1.1,0.6,2.3,9.6,7.9,11.7
156,Lesotho,2014,DHS,0-1 Years,26.4,22.8,30.4,10.4,7.9,13.6,5.2,3.7,7.2,1.3,0.7,2.4,12.3,9.7,15.5
157,Lesotho,2009,DHS,0-1 Years,31.0,27.6,34.7,12.9,10.5,15.8,5.8,4.4,7.6,2.5,1.6,3.8,11.2,8.8,14.0
158,Lesotho,2004,DHS,0-1 Years,36.6,32.7,40.7,12.8,10.5,15.5,8.1,6.0,10.8,3.3,2.1,5.0,9.6,7.5,12.3
159,Liberia,2013,DHS,0-1 Years,23.1,20.1,26.4,15.6,12.9,18.7,9.2,7.2,11.6,3.2,2.3,4.5,3.9,2.8,5.5
160,Liberia,2007,DHS,0-1 Years,27.1,24.4,29.9,20.0,17.7,22.7,12.4,10.5,14.5,4.4,3.4,5.7,4.1,3.1,5.4
161,Madagascar,2018,MICS,0-1 Years,35.6,33.9,37.3,22.4,21.1,23.8,7.7,6.8,8.6,1.5,1.1,2.0,2.9,2.3,3.5
162,Madagascar,2008,DHS,0-1 Years,41.7,38.8,44.6,,,,,,,,,,,,
163,Madagascar,2003,DHS,0-1 Years,46.9,43.5,50.3,32.4,29.0,36.0,19.0,16.1,22.3,7.4,5.5,9.9,9.9,7.5,13.0
164,Malawi,2015,DHS,0-1 Years,31.5,29.1,33.9,9.7,8.2,11.3,3.6,2.9,4.6,0.7,0.4,1.2,7.6,6.3,9.2
165,Malawi,2013,MICS,0-1 Years,35.6,33.8,37.4,15.5,14.4,16.7,5.6,4.9,6.3,1.8,1.4,2.2,7.2,6.3,8.1
166,Malawi,2010,DHS,0-1 Years,41.2,38.6,43.9,13.3,11.4,15.4,6.5,5.2,7.9,2.6,1.9,3.6,11.9,10.1,14.0
167,Malawi,2006,MICS,0-1 Years,45.8,44.4,47.1,15.1,13.2,17.2,6.3,5.4,7.3,2.4,1.9,2.9,12.2,11.2,13.2
168,Malawi,2004,DHS,0-1 Years,45.7,43.9,47.4,17.9,16.4,19.5,8.7,7.6,10.0,4.3,3.4,5.3,11.8,10.7,13.0
169,Malawi,2000,DHS,0-1 Years,42.9,40.9,44.9,22.7,21.1,24.3,11.6,10.3,13.0,4.6,3.8,5.5,8.4,7.5,9.3
170,Maldives,2016,DHS,0-1 Years,20.9,17.8,24.4,13.7,11.1,16.8,6.8,5.0,9.3,2.5,1.4,4.3,4.5,3.3,6.2
171,Maldives,2009,DHS,0-1 Years,21.5,18.9,24.5,15.4,13.3,17.7,10.1,8.3,12.2,3.5,2.6,4.7,5.9,4.6,7.6
172,Mali,2018,DHS,0-1 Years,22.1,20.5,23.8,20.0,18.5,21.5,13.3,12.0,14.7,4.1,3.3,4.9,2.2,1.8,2.7
173,Mali,2015,MICS,0-1 Years,26.3,24.8,27.9,25.9,24.4,27.4,18.2,16.8,19.7,5.1,4.5,5.8,2.9,2.4,3.5
174,Mali,2009,MICS,0-1 Years,24.2,23.0,25.5,21.7,20.5,22.9,13.7,12.8,14.6,3.4,3.0,3.8,1.2,0.9,1.6
175,Mali,2006,DHS,0-1 Years,29.7,28.1,31.4,26.8,24.9,28.7,23.1,21.8,24.5,9.6,8.7,10.5,5.5,4.7,6.5
176,Mali,2001,DHS,0-1 Years,30.7,28.8,32.7,27.8,25.8,29.9,18.5,16.7,20.6,6.1,5.3,7.1,2.8,2.2,3.6
177,Mauritania,2015,MICS,0-1 Years,21.4,19.7,23.3,23.2,21.5,25.0,17.9,16.4,19.5,5.2,4.4,6.1,1.4,1.0,1.9
178,Mauritania,2011,MICS,0-1 Years,21.5,19.8,23.2,20.9,19.2,22.7,18.1,16.7,19.7,6.0,5.2,6.9,3.5,2.8,4.3
179,Mauritania,2007,MICS,0-1 Years,22.6,20.9,24.5,21.2,19.4,23.0,17.7,16.1,19.4,5.5,4.7,6.6,2.5,2.0,3.3
180,Mexico,2015,MICS,0-1 Years,13.7,11.5,16.2,4.8,3.7,6.2,1.3,0.9,2.0,0.2,0.1,1.0,4.2,3.3,5.3
181,Mongolia,2018,MICS,0-1 Years,7.1,5.7,8.8,1.7,1.1,2.7,1.5,0.9,2.4,0.6,0.3,1.0,12.9,11.1,15.1
182,Mongolia,2013,MICS,0-1 Years,8.3,7.1,9.6,1.7,1.2,2.3,1.8,1.3,2.4,0.6,0.4,1.1,13.9,12.5,15.5
183,Mongolia,2010,MICS,0-1 Years,14.6,12.7,16.9,3.5,2.5,4.8,2.1,1.4,3.2,1.0,0.5,1.8,14.4,12.3,16.9
184,Mongolia,2005,MICS,0-1 Years,23.4,21.1,25.8,4.5,3.5,5.9,3.5,2.6,4.7,1.1,0.7,1.7,19.0,16.7,21.6
185,Montenegro,2018,MICS,0-1 Years,9.0,3.2,23.0,8.5,2.9,22.5,3.3,1.6,6.7,0.7,0.2,2.4,7.5,4.7,11.7
186,Montenegro,2013,MICS,0-1 Years,10.5,6.4,16.8,1.6,0.6,4.2,4.0,2.5,6.5,2.2,1.1,4.3,23.3,18.0,29.6
187,Montenegro,2005,MICS,0-1 Years,10.7,7.7,14.9,2.6,1.3,5.2,5.1,2.8,9.1,2.9,1.4,5.7,21.8,17.1,27.4
188,Morocco,2003,DHS,0-1 Years,23.0,20.9,25.1,7.8,6.7,9.1,10.2,8.9,11.6,5.1,4.1,6.2,18.0,16.2,19.8
189,Mozambique,2011,DHS,0-1 Years,39.0,36.8,41.2,17.0,15.6,18.5,9.7,8.6,11.0,3.8,3.1,4.7,10.2,9.0,11.6
190,Mozambique,2008,MICS,0-1 Years,37.6,35.5,39.7,19.7,18.0,21.5,6.3,5.3,7.4,1.8,1.4,2.4,3.5,2.9,4.2
191,Mozambique,2003,DHS,0-1 Years,38.5,36.6,40.5,22.1,20.3,24.0,7.9,6.8,9.1,2.8,2.2,3.4,6.7,5.4,8.3
192,Myanmar,2015,DHS,0-1 Years,18.0,15.8,20.6,14.0,12.2,16.1,8.5,7.0,10.4,2.1,1.4,3.1,2.3,1.5,3.4
193,Namibia,2013,DHS,0-1 Years,17.5,15.0,20.3,11.4,9.4,13.8,11.3,9.3,13.7,5.4,3.9,7.4,5.6,4.3,7.3
194,Namibia,2006,DHS,0-1 Years,26.3,24.3,28.5,15.1,13.4,16.9,9.3,7.8,11.0,3.0,2.3,4.0,6.6,5.4,8.2
195,Namibia,2000,DHS,0-1 Years,24.2,21.4,27.3,16.4,13.9,19.1,12.3,10.7,14.1,3.9,3.1,5.0,4.6,3.5,6.1
196,Nepal,2019,MICS,0-1 Years,24.7,22.6,26.9,21.7,19.5,24.0,14.9,13.1,17.0,4.2,3.2,5.5,3.1,2.3,4.1
197,Nepal,2016,DHS,0-1 Years,27.2,23.6,31.0,23.4,20.1,27.2,14.0,11.8,16.7,3.0,2.1,4.4,2.2,1.4,3.4
198,Nepal,2014,MICS,0-1 Years,25.6,22.7,28.6,24.7,21.9,27.7,15.7,13.3,18.3,5.1,3.8,6.7,2.5,1.7,3.5
199,Nepal,2011,DHS,0-1 Years,25.7,22.3,29.4,25.5,22.3,29.1,16.5,13.4,20.2,4.6,3.2,6.6,2.5,1.5,4.2
200,Nepal,2006,DHS,0-1 Years,33.2,30.1,36.5,31.4,27.9,35.1,16.8,14.7,19.2,4.3,3.3,5.6,0.8,0.4,1.6
201,Nepal,2001,DHS,0-1 Years,42.0,39.2,45.0,39.3,36.5,42.3,17.5,15.7,19.3,5.3,4.3,6.5,0.7,0.4,1.2
202,Nicaragua,2006,RHS,0-1 Years,17.1,15.2,19.2,5.2,4.2,6.5,2.2,1.6,3.0,0.8,0.5,1.3,7.6,6.5,8.9
203,Nicaragua,2001,DHS,0-1 Years,19.6,17.9,21.3,7.2,6.0,8.5,3.7,2.7,5.0,1.4,1.0,2.1,6.9,5.9,8.1
204,Nicaragua,1997,DHS,0-1 Years,23.8,22.0,25.6,10.3,9.0,11.7,5.2,4.2,6.5,2.2,1.6,3.0,6.9,5.9,8.0
205,Niger,2012,DHS,0-1 Years,32.1,29.7,34.6,35.8,33.3,38.5,25.1,22.9,27.4,9.5,7.9,11.4,4.5,3.5,5.9
206,Niger,2006,DHS,0-1 Years,42.0,38.9,45.3,34.4,31.2,37.7,18.9,16.3,21.8,7.0,5.4,9.1,4.6,3.4,6.1
207,Nigeria,2018,DHS,0-1 Years,30.0,28.3,31.7,21.7,20.3,23.2,10.8,9.7,11.9,3.0,2.4,3.9,2.7,2.2,3.4
208,Nigeria,2016,MICS,0-1 Years,35.9,34.5,37.4,32.9,31.4,34.4,17.2,16.0,18.5,4.9,4.2,5.6,1.6,1.3,1.9
209,Nigeria,2011,MICS,0-1 Years,26.6,24.8,28.4,23.9,22.5,25.4,16.3,15.3,17.4,4.8,4.2,5.5,3.2,2.7,3.8
210,Nigeria,2003,DHS,0-1 Years,35.5,32.6,38.5,25.5,22.9,28.2,16.3,14.1,18.8,7.1,5.9,8.6,7.7,6.4,9.3
211,Pakistan,2017,DHS,0-1 Years,27.1,23.5,31.2,18.9,15.9,22.2,10.5,8.3,13.2,4.1,2.9,5.8,3.0,2.1,4.4
212,Pakistan,2012,DHS,0-1 Years,37.6,34.0,41.3,32.6,29.1,36.2,16.6,13.6,20.1,6.1,4.5,8.3,5.5,4.2,7.2
213,Paraguay,2016,MICS,0-1 Years,6.8,5.4,8.6,2.0,1.4,3.0,1.6,1.0,2.5,0.7,0.3,1.4,13.3,11.1,15.8
214,Peru,2018,DHS,0-1 Years,13.2,12.4,14.2,3.5,3.0,4.0,0.8,0.5,1.0,0.2,0.1,0.3,9.6,8.8,10.5
215,Peru,2017,DHS,0-1 Years,13.7,12.5,14.9,4.3,3.6,5.0,0.9,0.6,1.2,0.2,0.1,0.4,8.6,7.7,9.5
216,Peru,2016,DHS,0-1 Years,13.0,12.0,14.0,3.8,3.3,4.4,1.0,0.7,1.3,0.3,0.2,0.6,7.6,6.8,8.5
217,Peru,2015,DHS,0-1 Years,14.7,13.8,15.8,4.3,3.8,4.9,1.0,0.7,1.2,0.2,0.1,0.4,8.4,7.6,9.3
218,Peru,2014,DHS,0-1 Years,14.3,12.9,15.8,5.0,4.2,5.9,1.2,0.8,1.7,0.2,0.1,0.4,8.6,7.4,9.9
219,Peru,2013,DHS,0-1 Years,18.1,16.4,19.9,4.4,3.7,5.2,0.7,0.4,1.3,0.4,0.2,1.0,9.0,7.6,10.6
220,Peru,2012,DHS,0-1 Years,18.4,16.7,20.2,4.6,3.9,5.5,1.0,0.6,1.5,0.1,0.0,0.3,8.1,6.8,9.5
221,Peru,2011,DHS,0-1 Years,19.6,17.9,21.4,4.9,4.1,5.8,0.5,0.3,0.9,0.2,0.1,0.3,10.3,8.9,11.8
222,Peru,2010,DHS,0-1 Years,22.5,20.8,24.2,5.4,4.6,6.3,1.0,0.7,1.4,0.1,0.1,0.4,11.0,9.5,12.6
223,Peru,2009,DHS,0-1 Years,21.7,19.9,23.6,4.8,4.0,5.8,0.8,0.6,1.3,0.3,0.2,0.7,13.6,12.1,15.4
224,Peru,2007,DHS,0-1 Years,25.8,23.6,28.2,4.4,3.6,5.3,1.0,0.6,1.6,0.1,0.0,0.3,13.6,11.8,15.6
225,Peru,2005,DHS,0-1 Years,22.6,19.1,26.6,4.4,3.1,6.1,1.1,0.5,2.2,0.2,0.0,1.5,11.5,9.1,14.6
226,Peru,2000,DHS,0-1 Years,23.8,22.3,25.4,5.2,4.5,6.0,1.6,1.3,2.1,0.5,0.3,0.8,13.4,12.1,14.9
227,Peru,1996,DHS,0-1 Years,25.4,23.9,27.0,6.0,5.4,6.8,2.5,2.1,3.0,1.0,0.8,1.4,11.4,10.3,12.6
228,Republic of Moldova,2012,MICS,0-1 Years,5.3,3.7,7.5,1.9,1.1,3.3,2.3,1.3,4.2,0.8,0.2,2.5,6.7,5.0,9.1
229,Republic of Moldova,2005,DHS,0-1 Years,10.9,8.6,13.7,1.9,1.0,3.5,6.9,5.0,9.6,3.7,2.2,6.0,10.5,8.0,13.7
230,North Macedonia,2018,MICS,0-1 Years,5.6,3.2,9.4,0.7,0.3,1.9,6.9,4.0,11.6,1.4,0.5,4.0,7.6,5.1,11.3
231,North Macedonia,2011,MICS,0-1 Years,5.3,3.4,8.1,1.5,0.8,2.9,3.6,1.7,7.6,0.3,0.1,1.2,8.3,5.2,13.0
232,North Macedonia,2005,MICS,0-1 Years,14.8,10.8,20.0,2.2,0.8,5.8,7.6,4.1,13.6,2.9,1.0,7.6,17.3,12.7,23.0
233,Rwanda,2014,DHS,0-1 Years,31.2,28.8,33.7,8.8,7.5,10.3,4.0,3.2,5.1,1.2,0.7,1.9,11.1,9.5,12.9
234,Rwanda,2010,DHS,0-1 Years,35.3,32.9,37.7,11.4,9.9,13.2,5.0,4.0,6.2,1.8,1.3,2.6,8.7,7.3,10.3
235,Rwanda,2005,DHS,0-1 Years,40.1,37.7,42.5,19.0,17.0,21.2,7.6,6.4,9.1,2.5,1.8,3.5,7.1,5.9,8.6
236,Rwanda,2000,DHS,0-1 Years,36.0,34.0,38.1,20.3,18.7,22.1,13.1,11.6,14.6,5.9,4.9,7.0,7.9,6.8,9.1
237,Saint Lucia,2012,MICS,0-1 Years,3.9,1.2,11.5,6.0,2.5,13.7,6.6,2.9,14.2,1.9,0.4,8.6,7.9,3.3,17.4
238,Sao Tome and Principe,2019,MICS,0-1 Years,10.7,8.4,13.5,5.8,4.2,7.9,5.2,3.7,7.3,1.9,1.1,3.4,6.7,4.8,9.2
239,Sao Tome and Principe,2014,MICS,0-1 Years,16.5,13.5,19.9,12.2,9.7,15.1,6.6,4.9,8.8,1.3,0.7,2.6,2.9,1.7,4.9
240,Senegal,2017,DHS,0-1 Years,14.2,13.1,15.4,12.9,11.8,14.1,9.9,8.9,10.9,2.2,1.8,2.7,1.9,1.4,2.4
241,Senegal,2016,DHS,0-1 Years,15.4,13.5,17.4,12.8,11.0,15.0,7.5,6.1,9.1,1.8,1.1,2.7,1.5,1.0,2.2
242,Senegal,2015,DHS,0-1 Years,18.3,16.4,20.4,14.5,12.8,16.4,8.0,6.8,9.3,2.1,1.5,2.9,1.8,1.2,2.7
243,Senegal,2014,DHS,0-1 Years,16.2,14.5,18.1,10.3,8.5,12.3,5.2,4.2,6.5,0.6,0.4,1.1,2.3,1.6,3.3
244,Senegal,2012,DHS,0-1 Years,15.7,13.9,17.7,13.6,11.7,15.6,8.8,7.7,10.0,2.6,1.9,3.4,2.7,2.0,3.6
245,Senegal,2010,DHS,0-1 Years,22.6,19.8,25.8,15.7,13.9,17.7,11.9,10.2,13.8,3.5,2.6,4.6,4.5,3.4,5.9
246,Senegal,2005,DHS,0-1 Years,15.9,13.6,18.6,13.2,10.9,15.8,11.2,9.0,13.8,3.6,2.4,5.3,3.6,2.4,5.4
247,Serbia,2019,MICS,0-1 Years,5.5,3.3,8.9,0.9,0.3,3.1,2.9,1.4,5.9,0.7,0.2,2.3,7.9,5.5,11.2
248,Serbia,2014,MICS,0-1 Years,8.2,5.8,11.6,2.1,0.9,5.0,4.8,2.9,7.8,0.8,0.4,1.6,15.7,11.0,21.9
249,Serbia,2010,MICS,0-1 Years,9.4,6.8,12.9,2.5,1.2,5.0,5.5,3.6,8.4,1.3,0.6,2.4,18.9,15.7,22.7
250,Serbia,2005,MICS,0-1 Years,8.9,7.2,10.8,2.1,1.3,3.6,6.4,5.1,8.2,2.7,1.8,4.0,21.2,18.7,24.0
251,Sierra Leone,2017,MICS,0-1 Years,27.2,25.5,29.0,18.8,17.5,20.2,10.7,9.5,11.9,4.0,3.2,4.9,5.5,4.7,6.3
252,Sierra Leone,2005,MICS,0-1 Years,35.9,33.5,38.3,28.9,26.7,31.2,15.9,14.2,17.8,6.5,5.4,7.8,6.6,5.4,7.9
253,Somalia,2006,MICS,0-1 Years,28.3,25.8,31.0,23.2,21.0,25.6,16.4,14.7,18.2,6.7,5.7,8.0,6.4,5.2,7.9
254,South Africa,2016,DHS,0-1 Years,31.4,26.6,36.7,6.2,4.0,9.4,2.5,1.5,4.1,1.0,0.5,2.2,18.5,14.9,22.8
255,South Sudan,2010,MICS,0-1 Years,25.0,22.8,27.4,24.8,22.8,27.0,23.8,21.7,26.0,10.4,9.0,12.0,6.1,5.0,7.4
256,Sudan,2014,MICS,0-1 Years,28.0,26.0,30.1,26.5,24.8,28.3,18.3,16.6,20.1,5.7,4.8,6.6,3.5,2.8,4.4
257,Suriname,2018,MICS,0-1 Years,6.1,4.6,8.2,5.7,4.3,7.4,7.2,5.3,9.7,1.6,0.8,3.5,4.4,3.1,6.2
258,Suriname,2010,MICS,0-1 Years,9.8,7.9,12.1,6.9,5.4,8.7,5.5,4.1,7.3,1.0,0.5,2.0,5.2,3.8,7.2
259,Suriname,2006,MICS,0-1 Years,11.3,8.9,14.3,5.6,4.2,7.6,5.6,4.1,7.5,1.5,0.8,2.7,6.3,4.6,8.6
260,Syrian Arab Republic,2006,MICS,0-1 Years,30.8,29.1,32.6,11.8,10.7,13.0,11.0,9.9,12.2,5.6,4.8,6.5,22.0,20.5,23.6
261,Tajikistan,2017,DHS,0-1 Years,12.7,11.2,14.4,8.8,7.6,10.1,9.3,8.1,10.8,3.2,2.5,4.2,3.3,2.6,4.2
262,Tajikistan,2012,DHS,0-1 Years,23.8,21.4,26.5,14.1,12.3,16.1,14.2,12.6,16.0,5.8,4.8,7.1,6.9,5.4,8.8
263,Tajikistan,2005,MICS,0-1 Years,25.6,22.3,29.3,19.8,17.4,22.4,15.7,13.7,18.0,7.0,5.6,8.7,6.4,4.6,8.7
264,Thailand,2019,MICS,0-1 Years,17.4,14.4,20.8,9.0,7.2,11.3,8.9,6.9,11.5,2.9,2.0,4.3,6.8,5.5,8.4
265,Thailand,2015,MICS,0-1 Years,11.1,9.2,13.4,6.9,5.2,9.0,6.3,4.9,8.1,1.7,1.0,2.7,5.0,3.7,6.6
266,Thailand,2012,MICS,0-1 Years,18.4,15.6,21.6,9.9,8.1,12.0,7.7,6.2,9.5,2.7,1.9,3.8,10.6,8.7,12.9
267,Thailand,2005,MICS,0-1 Years,16.6,14.7,18.7,6.4,5.4,7.5,6.4,5.4,7.5,1.7,1.3,2.4,7.5,6.4,8.7
268,Timor-Leste,2009,DHS,0-1 Years,49.4,47.1,51.6,34.1,32.2,36.0,19.4,17.8,21.1,8.5,7.3,9.7,9.4,8.1,10.8
269,Togo,2017,MICS,0-1 Years,18.8,16.4,21.4,15.2,13.5,17.1,7.6,6.3,9.2,1.5,1.0,2.2,2.4,1.6,3.6
270,Togo,2013,DHS,0-1 Years,19.5,17.0,22.2,15.2,13.1,17.5,11.8,10.1,13.7,3.0,2.2,4.3,2.3,1.6,3.3
271,Togo,2010,MICS,0-1 Years,21.5,19.3,23.9,15.8,13.9,17.9,7.6,6.4,9.1,1.4,0.9,2.2,1.9,1.2,3.1
272,Togo,2006,MICS,0-1 Years,17.5,15.4,19.8,22.3,19.7,25.2,22.3,19.7,25.2,9.1,7.5,11.1,5.6,4.3,7.2
273,Tonga,2019,MICS,0-1 Years,2.2,0.9,4.8,0.4,0.1,1.6,1.1,0.4,3.4,,,,11.4,7.5,16.9
274,Trinidad and Tobago,2011,MICS,0-1 Years,13.6,9.9,18.4,6.6,4.1,10.4,6.1,3.8,9.6,2.7,1.2,5.8,11.8,8.5,16.1
275,Tunisia,2018,MICS,0-1 Years,8.8,7.1,10.8,2.6,1.8,3.8,3.2,2.2,4.5,1.6,1.0,2.6,19.7,17.3,22.3
276,Tunisia,2011,MICS,0-1 Years,11.9,9.8,14.3,3.7,2.6,5.2,4.1,2.9,5.8,2.7,1.7,4.2,18.7,16.0,21.8
277,Türkiye,2013,DHS,0-1 Years,9.4,7.5,11.7,1.9,1.2,2.9,3.3,2.3,4.9,0.9,0.4,2.0,14.3,11.7,17.4
278,Türkiye,2003,DHS,0-1 Years,10.9,9.1,12.9,2.8,1.9,4.1,1.7,1.2,2.4,0.5,0.2,1.2,12.3,10.6,14.3
279,Türkiye,1998,DHS,0-1 Years,11.4,9.5,13.6,5.8,4.5,7.4,5.2,4.0,6.7,1.4,0.9,2.3,4.5,3.3,6.1
280,Türkiye,1993,DHS,0-1 Years,14.7,12.8,16.8,8.0,6.3,10.0,5.7,4.4,7.2,1.3,0.8,2.0,5.7,4.6,6.9
281,Turkmenistan,2019,MICS,0-1 Years,10.7,8.7,13.2,4.8,3.6,6.4,5.9,4.6,7.5,1.4,0.8,2.3,3.6,2.6,5.1
282,Turkmenistan,2015,MICS,0-1 Years,8.6,7.2,10.3,4.1,3.2,5.4,6.2,4.9,7.7,1.7,1.1,2.6,5.6,4.5,7.0
283,Turkmenistan,2006,MICS,0-1 Years,16.0,13.4,19.0,11.9,9.5,14.9,11.9,9.5,14.9,3.1,2.0,4.7,5.3,3.7,7.4
284,Uganda,2016,DHS,0-1 Years,25.1,23.0,27.3,11.4,9.9,13.2,6.0,4.9,7.4,2.5,1.9,3.4,6.0,4.9,7.3
285,Uganda,2011,DHS,0-1 Years,27.2,23.8,30.9,15.8,13.3,18.7,8.3,6.6,10.5,2.5,1.6,3.9,4.2,3.0,6.0
286,Uganda,2006,DHS,0-1 Years,31.8,29.1,34.6,19.0,16.6,21.7,11.8,9.7,14.1,4.5,3.2,6.3,4.9,3.5,6.6
287,Uganda,2000,DHS,0-1 Years,37.8,35.7,40.0,21.0,19.2,22.9,8.8,7.7,10.0,2.5,1.9,3.3,5.6,4.7,6.7
288,United Republic of Tanzania,2015,DHS,0-1 Years,27.5,25.8,29.2,12.2,11.0,13.4,6.7,5.8,7.6,1.9,1.5,2.4,5.5,4.7,6.4
289,United Republic of Tanzania,2010,DHS,0-1 Years,35.9,33.8,38.1,15.6,14.1,17.1,7.9,6.8,9.1,2.3,1.7,3.0,8.3,7.2,9.6
290,United Republic of Tanzania,2004,DHS,0-1 Years,36.4,34.3,38.4,15.2,13.7,16.8,5.3,4.5,6.2,1.6,1.2,2.2,6.5,5.5,7.7
291,United Republic of Tanzania,1999,DHS,0-1 Years,36.6,33.4,39.9,24.3,20.9,28.2,8.1,6.4,10.3,3.1,2.0,4.8,3.2,2.1,4.7
292,United Republic of Tanzania,1996,DHS,0-1 Years,40.6,38.0,43.2,27.0,24.9,29.2,12.0,10.6,13.5,4.2,3.5,5.1,4.7,3.9,5.7
293,Uzbekistan,2006,MICS,0-1 Years,16.2,14.4,18.2,5.3,4.2,6.6,7.0,5.8,8.5,2.5,1.8,3.5,13.4,11.7,15.3
294,Vanuatu,2007,MICS,0-1 Years,19.6,15.6,24.3,12.6,9.3,16.9,7.9,5.7,10.9,2.3,1.2,4.1,4.0,2.5,6.2
295,Viet Nam,2010,MICS,0-1 Years,16.0,13.8,18.5,8.0,6.5,9.8,5.1,4.0,6.5,1.4,0.8,2.4,5.0,3.7,6.6
296,Yemen,2013,DHS,0-1 Years,32.9,31.2,34.7,34.3,32.6,36.0,21.4,20.0,22.9,8.0,7.1,9.0,3.4,2.8,4.1
297,Zambia,2018,DHS,0-1 Years,31.6,29.9,33.3,12.0,10.8,13.3,5.2,4.4,6.3,1.7,1.3,2.4,7.8,6.8,9.0
298,Zambia,2013,DHS,0-1 Years,37.4,35.8,39.0,13.1,12.0,14.3,8.1,7.2,9.1,3.0,2.5,3.6,9.8,8.8,10.8
299,Zambia,2007,DHS,0-1 Years,39.5,36.9,42.1,13.8,12.3,15.4,8.0,6.9,9.3,3.3,2.6,4.2,11.1,9.8,12.6
300,Zambia,2001,DHS,0-1 Years,43.1,40.9,45.3,23.3,21.5,25.1,10.4,9.1,11.9,3.8,3.0,4.7,6.2,5.3,7.2
301,Zambia,1996,DHS,0-1 Years,37.7,35.6,39.9,21.1,19.5,22.7,9.1,8.0,10.3,2.9,2.3,3.7,5.3,4.4,6.4
302,Zimbabwe,2019,MICS,0-1 Years,20.7,18.8,22.9,9.8,8.5,11.3,4.1,3.3,5.1,0.6,0.3,1.0,3.5,2.8,4.5
303,Zimbabwe,2015,DHS,0-1 Years,24.8,22.7,27.1,9.8,8.4,11.4,5.9,4.9,7.1,2.1,1.5,2.9,8.8,7.5,10.3
304,Zimbabwe,2014,MICS,0-1 Years,24.3,22.7,25.9,11.6,10.6,12.8,5.1,4.5,5.9,1.2,0.9,1.7,5.1,4.3,6.0
305,Zimbabwe,2010,DHS,0-1 Years,25.3,23.4,27.2,10.1,8.8,11.6,5.2,4.3,6.3,1.6,1.2,2.3,8.0,6.8,9.5
306,Zimbabwe,2009,MICS,0-1 Years,31.3,29.0,33.6,11.3,9.8,13.0,4.3,3.4,5.4,0.7,0.4,1.3,4.7,3.7,5.8
307,Zimbabwe,2005,DHS,0-1 Years,32.3,30.0,34.8,12.5,11.0,14.2,9.4,8.0,11.1,3.8,2.9,5.0,12.0,10.5,13.8
308,Zimbabwe,1999,DHS,0-1 Years,29.7,27.1,32.5,10.0,8.3,11.9,12.3,10.4,14.4,6.7,5.3,8.3,13.8,11.8,16.1
0,Albania,2017,DHS,2-5 Years,11.4,9.4,13.9,1.0,0.6,1.5,1.3,0.8,2.1,0.4,0.2,0.9,14.2,11.9,16.8
1,Albania,2008,DHS,2-5 Years,20.1,16.9,23.6,5.7,4.2,7.6,7.8,5.4,11.2,5.4,3.3,8.8,22.6,19.1,26.4
2,Albania,2005,MICS,2-5 Years,26.7,22.9,30.8,5.9,4.2,8.3,7.1,5.1,9.8,4.2,2.8,6.2,26.3,22.2,30.8
3,Algeria,2018,MICS,2-5 Years,10.1,9.2,11.2,2.1,1.8,2.6,1.6,1.3,2.0,0.6,0.4,0.8,11.2,10.2,12.3
4,Algeria,2012,MICS,2-5 Years,11.9,10.7,13.2,2.8,2.3,3.3,2.8,2.3,3.3,0.8,0.6,1.1,9.8,8.8,10.9
5,Angola,2015,DHS,2-5 Years,41.2,38.9,43.5,19.2,17.5,21.0,3.6,3.0,4.5,0.6,0.4,0.9,2.4,1.8,3.2
6,Armenia,2015,DHS,2-5 Years,7.1,5.5,9.0,2.4,1.5,3.9,5.3,3.8,7.3,2.2,1.4,3.5,12.9,10.4,15.8
7,Armenia,2010,DHS,2-5 Years,23.1,19.1,27.5,4.8,3.2,7.1,3.9,2.5,6.0,1.9,1.0,3.7,17.6,14.5,21.2
8,Armenia,2005,DHS,2-5 Years,16.9,12.7,22.2,3.3,2.2,4.9,4.2,2.7,6.6,2.4,1.2,4.4,11.2,8.7,14.3
9,Armenia,2000,DHS,2-5 Years,20.2,16.9,23.9,2.1,1.3,3.3,1.4,0.6,3.2,0.3,0.1,1.1,14.5,11.8,17.7
10,Azerbaijan,2006,DHS,2-5 Years,33.3,29.2,37.7,9.0,6.3,12.8,3.6,2.5,5.2,1.4,0.7,2.9,16.8,14.1,19.9
11,Bangladesh,2019,MICS,2-5 Years,30.4,29.4,31.4,24.8,24.0,25.7,9.5,8.9,10.1,1.9,1.6,2.2,1.9,1.6,2.3
12,Bangladesh,2014,DHS,2-5 Years,41.5,39.2,43.9,37.1,34.9,39.4,12.5,11.4,13.7,2.1,1.7,2.8,1.2,0.9,1.7
13,Bangladesh,2012,MICS,2-5 Years,47.3,46.0,48.6,35.5,34.3,36.8,8.6,8.0,9.2,1.2,1.0,1.5,1.3,1.1,1.7
14,Bangladesh,2011,DHS,2-5 Years,45.3,43.3,47.4,41.9,40.0,43.8,15.9,14.7,17.1,3.7,3.0,4.5,1.3,0.9,1.7
15,Bangladesh,2007,DHS,2-5 Years,50.9,48.6,53.3,46.1,44.0,48.1,15.5,14.0,17.2,2.0,1.5,2.7,1.0,0.7,1.5
16,Bangladesh,2004,DHS,2-5 Years,57.0,54.7,59.2,45.4,43.1,47.8,12.4,11.4,13.4,2.4,1.9,3.1,0.4,0.2,0.8
17,Bangladesh,1999,DHS,2-5 Years,58.6,56.5,60.7,45.2,43.3,47.1,9.4,8.4,10.5,1.4,1.0,1.9,0.8,0.5,1.2
18,Bangladesh,1996,DHS,2-5 Years,68.6,66.7,70.6,56.7,54.7,58.8,15.2,13.7,16.8,4.2,3.4,5.1,2.2,1.7,2.8
19,Barbados,2012,MICS,2-5 Years,5.8,3.4,9.6,2.3,1.1,5.1,3.2,1.5,6.6,0.9,0.2,3.8,9.8,6.7,14.0
20,Belarus,2005,MICS,2-5 Years,3.6,2.7,4.8,0.7,0.4,1.1,2.0,1.4,2.8,0.6,0.3,1.1,7.3,6.0,8.8
21,Belize,2015,MICS,2-5 Years,16.9,14.3,19.9,4.9,3.8,6.4,1.6,0.9,2.5,0.2,0.1,0.6,7.4,5.9,9.3
22,Belize,2011,MICS,2-5 Years,20.2,16.9,23.9,6.9,5.5,8.5,3.4,2.5,4.8,1.2,0.6,2.4,7.2,5.5,9.3
23,Belize,2006,MICS,2-5 Years,23.5,18.6,29.2,6.5,4.3,9.9,2.2,1.2,4.0,0.9,0.3,2.5,11.6,9.1,14.6
24,Benin,2017,DHS,2-5 Years,36.9,35.3,38.6,16.6,15.5,17.7,2.9,2.5,3.4,0.4,0.3,0.6,1.4,1.1,1.7
25,Benin,2014,MICS,2-5 Years,39.4,37.5,41.3,18.7,17.4,20.1,2.9,2.5,3.4,0.4,0.2,0.6,1.3,1.0,1.7
26,Benin,2001,DHS,2-5 Years,45.6,43.0,48.3,18.7,16.8,20.8,3.4,2.7,4.3,1.1,0.8,1.6,2.3,1.7,3.0
27,Bhutan,2010,MICS,2-5 Years,37.4,34.7,40.1,14.1,12.5,15.8,3.7,3.0,4.6,0.9,0.6,1.4,6.0,4.9,7.4
28,Bolivia (Plurinational State of),2008,DHS,2-5 Years,31.4,29.4,33.4,3.7,3.1,4.4,0.5,0.3,0.8,0.1,0.1,0.3,8.2,7.2,9.3
29,Bolivia (Plurinational State of),2003,DHS,2-5 Years,36.5,34.8,38.3,4.8,4.2,5.6,1.0,0.7,1.3,0.4,0.3,0.6,8.4,7.5,9.4
30,Bolivia (Plurinational State of),1998,DHS,2-5 Years,37.3,35.2,39.6,5.2,4.4,6.1,0.7,0.5,1.1,0.4,0.2,0.7,9.7,8.6,11.0
31,Bosnia and Herzegovina,2011,MICS,2-5 Years,6.1,4.3,8.5,1.0,0.4,2.6,1.8,0.9,3.3,1.2,0.5,2.8,16.7,13.8,20.0
32,Bosnia and Herzegovina,2006,MICS,2-5 Years,11.1,8.8,13.8,1.6,0.9,2.8,2.7,1.7,4.3,1.3,0.7,2.7,26.3,23.0,29.8
33,Brazil,1996,DHS,2-5 Years,13.5,11.9,15.1,4.5,3.6,5.6,2.1,1.5,3.0,0.4,0.2,0.7,4.7,3.8,5.8
34,Burkina Faso,2010,DHS,2-5 Years,40.8,38.8,42.8,24.4,22.8,25.9,9.1,7.8,10.6,3.2,2.4,4.3,3.0,2.4,3.7
35,Burkina Faso,1998,DHS,2-5 Years,54.8,52.1,57.5,30.8,28.2,33.6,7.3,6.1,8.6,2.2,1.6,2.9,2.0,1.4,2.7
36,Burundi,2016,DHS,2-5 Years,62.8,60.6,64.9,31.8,29.9,33.8,3.4,2.8,4.1,0.7,0.5,1.1,1.1,0.8,1.6
37,Burundi,2010,DHS,2-5 Years,64.8,62.6,67.0,29.4,27.1,31.7,3.6,2.8,4.6,0.4,0.2,0.8,2.4,1.8,3.2
38,Cambodia,2014,DHS,2-5 Years,38.1,35.7,40.5,29.3,27.0,31.6,8.6,7.3,10.0,1.6,1.1,2.3,1.3,0.9,1.9
39,Cambodia,2010,DHS,2-5 Years,47.1,44.4,49.8,34.2,31.8,36.8,9.1,7.6,10.9,2.3,1.5,3.5,1.5,1.0,2.2
40,Cambodia,2005,DHS,2-5 Years,50.9,48.2,53.7,32.9,30.6,35.3,6.8,5.6,8.1,1.0,0.6,1.6,1.2,0.7,1.9
41,Cambodia,2000,DHS,2-5 Years,57.1,54.5,59.8,46.3,43.7,48.8,15.1,13.3,17.2,6.3,5.1,7.8,2.5,1.8,3.4
42,Cameroon,2018,DHS,2-5 Years,30.1,28.0,32.3,11.0,9.2,13.2,3.3,2.3,4.7,1.3,0.9,2.0,9.9,8.2,11.9
43,Cameroon,2014,MICS,2-5 Years,37.2,34.7,39.8,15.7,13.5,18.1,3.8,3.0,4.8,0.8,0.6,1.3,5.9,5.0,6.9
44,Cameroon,2011,DHS,2-5 Years,38.6,36.6,40.6,15.6,14.1,17.1,3.1,2.5,3.8,1.1,0.8,1.6,5.7,4.9,6.7
45,Cameroon,2006,MICS,2-5 Years,45.6,42.8,48.4,16.6,14.5,18.9,3.2,2.4,4.3,0.9,0.6,1.4,11.9,10.3,13.7
46,Cameroon,2004,DHS,2-5 Years,40.2,37.3,43.1,15.2,13.5,17.1,3.7,2.9,4.7,1.0,0.6,1.7,9.2,7.8,10.8
47,Central African Republic,2018,MICS,2-5 Years,47.9,45.8,50.0,24.2,22.6,26.0,3.8,3.1,4.7,0.9,0.7,1.3,3.1,2.5,3.8
48,Central African Republic,2010,MICS,2-5 Years,50.3,47.9,52.6,25.8,24.0,27.7,4.6,3.9,5.4,1.3,0.9,1.7,1.6,1.2,2.1
49,Central African Republic,2006,MICS,2-5 Years,54.4,51.7,57.2,29.5,27.1,32.1,8.5,7.0,10.4,3.7,2.7,5.1,7.8,6.6,9.1
50,Chad,2019,MICS,2-5 Years,42.3,40.9,43.6,29.3,28.1,30.6,11.3,10.5,12.2,3.3,2.9,3.7,2.2,1.8,2.7
51,Chad,2014,DHS,2-5 Years,48.7,46.8,50.6,33.0,31.4,34.6,10.2,9.2,11.2,3.3,2.7,4.1,3.2,2.7,3.8
52,Chad,2010,MICS,2-5 Years,44.5,41.9,47.0,31.3,28.7,34.1,11.2,9.4,13.2,4.3,3.2,5.8,3.3,2.6,4.3
53,Chad,2004,DHS,2-5 Years,56.1,53.7,58.5,37.3,34.5,40.2,10.6,9.1,12.3,4.2,3.4,5.2,4.9,3.8,6.2
54,Chad,1996,DHS,2-5 Years,56.2,54.4,58.0,38.2,36.3,40.2,10.9,9.6,12.2,3.3,2.6,4.1,2.7,2.1,3.4
55,Colombia,2000,DHS,2-5 Years,19.9,18.0,21.9,5.3,4.3,6.4,0.5,0.3,0.9,0.2,0.1,0.5,4.2,3.4,5.2
56,Colombia,1995,DHS,2-5 Years,22.6,20.7,24.6,6.9,5.9,8.1,1.5,1.0,2.1,0.5,0.3,1.0,4.1,3.3,5.0
57,Comoros,2012,DHS,2-5 Years,31.4,28.6,34.4,17.4,15.1,20.1,8.4,7.0,10.1,3.6,2.6,4.9,10.7,9.0,12.8
58,Congo,2014,MICS,2-5 Years,21.5,19.6,23.5,11.3,10.0,12.7,6.1,4.9,7.6,2.1,1.5,3.0,5.2,3.9,6.9
59,Congo,2011,DHS,2-5 Years,26.6,24.3,29.1,11.3,9.8,13.0,4.5,3.3,5.9,1.0,0.6,1.6,3.5,2.4,5.1
60,Congo,2005,DHS,2-5 Years,35.8,32.7,39.1,12.5,10.7,14.6,5.9,4.8,7.4,2.0,1.3,3.0,8.2,6.8,9.9
61,Costa Rica,2018,MICS,2-5 Years,9.6,6.0,14.9,3.0,2.1,4.2,1.8,1.2,2.9,0.2,0.0,0.7,7.2,5.7,9.2
62,Côte d'Ivoire,2016,MICS,2-5 Years,25.2,23.4,27.2,12.4,11.3,13.7,3.4,2.8,4.1,0.5,0.3,0.9,1.2,0.8,1.8
63,Côte d'Ivoire,2011,DHS,2-5 Years,34.3,31.6,37.2,14.7,12.8,17.0,3.8,2.8,5.1,0.6,0.4,1.1,2.8,2.1,3.9
64,Côte d'Ivoire,1998,DHS,2-5 Years,37.7,33.5,42.1,17.5,14.3,21.3,4.3,3.2,5.8,1.2,0.6,2.2,4.8,3.4,6.7
65,Cuba,2019,MICS,2-5 Years,7.5,5.7,9.9,2.7,1.9,3.7,1.7,1.3,2.2,0.5,0.3,0.9,9.8,8.0,12.0
66,Democratic Republic of the Congo,2017,MICS,2-5 Years,47.6,45.1,50.1,25.9,24.1,27.8,5.2,4.4,6.2,1.5,1.1,2.0,2.8,2.3,3.4
67,Democratic Republic of the Congo,2013,DHS,2-5 Years,51.8,49.8,53.9,27.7,25.7,29.7,6.1,5.1,7.4,2.1,1.6,2.6,3.3,2.7,4.2
68,Democratic Republic of the Congo,2010,MICS,2-5 Years,52.1,49.6,54.5,27.2,25.1,29.4,6.2,5.2,7.3,2.1,1.6,2.8,4.6,3.7,5.7
69,Democratic Republic of the Congo,2007,DHS,2-5 Years,55.1,51.2,58.9,30.4,27.2,33.9,7.9,6.2,10.0,3.8,2.7,5.3,6.6,5.2,8.3
70,Dominican Republic,2013,DHS,2-5 Years,6.0,4.8,7.6,4.0,3.0,5.4,2.1,1.3,3.3,0.7,0.3,1.9,5.7,4.6,7.0
71,Dominican Republic,2007,DHS,2-5 Years,9.7,8.6,10.9,3.1,2.6,3.7,2.1,1.6,2.7,0.7,0.4,1.3,7.5,6.6,8.5
72,Dominican Republic,2002,DHS,2-5 Years,11.5,10.1,13.0,4.3,3.7,5.0,1.5,1.1,1.9,0.4,0.3,0.6,8.5,7.4,9.6
73,Dominican Republic,1996,DHS,2-5 Years,14.0,12.3,15.8,4.4,3.6,5.3,1.1,0.6,1.8,0.3,0.1,0.8,6.4,5.0,8.2
74,Ecuador,2004,RHS,2-5 Years,33.9,31.5,36.4,7.0,6.0,8.2,0.6,0.4,0.9,0.1,0.0,0.3,5.2,4.6,5.8
75,Egypt,2014,DHS,2-5 Years,22.5,21.0,23.9,6.3,5.6,7.0,7.6,6.8,8.4,3.6,3.2,4.2,15.4,14.2,16.6
76,Egypt,2008,DHS,2-5 Years,32.2,30.6,33.9,6.6,5.8,7.5,7.0,6.2,8.0,3.4,2.8,4.1,20.6,19.1,22.1
77,Egypt,2005,DHS,2-5 Years,21.7,20.6,22.9,3.7,3.2,4.2,3.5,3.0,4.0,1.4,1.2,1.7,12.3,11.4,13.3
78,Egypt,2000,DHS,2-5 Years,23.8,22.5,25.2,,,,,,,,,,,,
79,Egypt,1995,DHS,2-5 Years,37.4,35.7,39.2,8.3,7.5,9.2,3.3,2.8,3.9,1.2,1.0,1.5,16.1,14.8,17.5
80,El Salvador,2014,MICS,2-5 Years,14.6,13.1,16.1,5.0,4.2,5.9,1.5,1.1,2.1,0.2,0.1,0.4,6.7,5.7,7.8
81,El Salvador,2008,RHS,2-5 Years,22.8,20.7,25.1,7.0,5.6,8.7,1.1,0.4,2.6,0.5,0.2,1.3,5.4,4.5,6.6
82,El Salvador,2002,RHS,2-5 Years,28.3,24.5,32.5,6.3,4.8,8.1,0.8,0.5,1.4,0.3,0.1,0.6,5.2,4.0,6.7
83,El Salvador,1998,RHS,2-5 Years,37.1,34.9,39.4,10.5,9.1,12.0,0.9,0.6,1.2,0.2,0.1,0.4,3.4,2.8,4.2
84,El Salvador,1993,RHS,2-5 Years,38.7,35.6,41.9,8.9,7.4,10.6,0.8,0.6,1.2,0.2,0.1,0.8,3.5,2.7,4.5
85,Eswatini,2014,MICS,2-5 Years,26.7,24.2,29.3,4.9,3.9,6.1,1.1,0.6,1.9,0.1,0.0,0.5,6.5,5.1,8.2
86,Eswatini,2010,MICS,2-5 Years,33.4,30.6,36.4,5.7,4.5,7.2,0.2,0.1,0.5,0.1,0.0,0.4,8.1,6.8,9.7
87,Eswatini,2006,DHS,2-5 Years,30.7,28.3,33.1,4.9,4.1,5.9,1.7,1.1,2.4,0.8,0.4,1.4,9.2,7.9,10.7
88,Ethiopia,2016,DHS,2-5 Years,45.3,42.9,47.8,27.1,25.2,29.0,7.5,6.5,8.6,2.4,1.8,3.2,1.6,1.2,2.3
89,Ethiopia,2011,DHS,2-5 Years,53.6,51.5,55.6,33.3,31.3,35.4,7.1,6.1,8.2,1.6,1.2,2.2,1.3,1.0,1.8
90,Ethiopia,2005,DHS,2-5 Years,56.9,54.3,59.5,38.4,35.7,41.1,9.6,8.0,11.6,3.5,2.6,4.7,3.4,2.6,4.4
91,Ethiopia,2000,DHS,2-5 Years,66.0,63.9,68.0,45.8,43.7,47.8,8.4,7.4,9.4,2.1,1.7,2.7,1.1,0.8,1.5
92,Gabon,2012,DHS,2-5 Years,18.0,15.1,21.3,6.4,5.1,8.1,3.0,2.1,4.2,1.0,0.5,1.9,6.2,4.4,8.7
93,Gabon,2000,DHS,2-5 Years,27.7,25.2,30.4,8.1,6.9,9.6,2.4,1.7,3.3,0.8,0.4,1.5,4.5,3.3,6.0
94,Gambia,2018,MICS,2-5 Years,20.5,19.1,22.0,14.6,13.3,16.0,5.8,5.0,6.8,0.7,0.5,1.0,0.5,0.3,0.8
95,Gambia,2013,DHS,2-5 Years,27.2,24.7,29.8,17.2,14.8,19.8,7.8,6.2,9.8,2.6,1.6,4.2,2.5,1.4,4.3
96,Gambia,2010,MICS,2-5 Years,25.7,23.9,27.6,17.4,15.9,19.0,7.6,6.8,8.6,1.0,0.8,1.4,0.8,0.5,1.2
97,Gambia,2005,MICS,2-5 Years,31.2,29.6,32.8,15.2,14.1,16.3,4.4,3.8,5.1,0.7,0.4,1.1,1.8,1.3,2.5
98,Georgia,2018,MICS,2-5 Years,7.0,5.1,9.6,1.9,1.1,3.3,0.1,0.0,0.5,0.1,0.0,0.5,6.5,5.0,8.2
99,Georgia,2005,MICS,2-5 Years,15.5,12.8,18.5,1.7,1.0,2.8,2.4,1.6,3.6,0.9,0.4,1.8,20.4,17.5,23.6
100,Ghana,2017,MICS,2-5 Years,20.0,18.0,22.1,11.1,9.9,12.4,3.6,3.0,4.2,0.2,0.1,0.4,1.3,0.9,1.9
101,Ghana,2014,DHS,2-5 Years,23.1,20.6,25.8,11.5,9.5,13.8,2.7,1.8,4.1,0.2,0.1,0.6,2.3,1.6,3.4
102,Ghana,2011,MICS,2-5 Years,25.9,23.8,28.1,13.2,11.7,14.7,4.0,3.3,4.9,0.8,0.4,1.4,2.1,1.5,2.9
103,Ghana,2008,DHS,2-5 Years,33.0,30.2,35.9,13.9,12.1,15.8,3.7,2.8,4.9,0.8,0.5,1.4,5.7,4.4,7.2
104,Ghana,2006,MICS,2-5 Years,32.7,29.6,35.9,13.1,11.3,15.2,3.5,2.7,4.6,1.1,0.7,1.8,2.0,1.4,2.9
105,Ghana,2003,DHS,2-5 Years,41.9,39.4,44.3,18.5,16.8,20.3,4.7,3.6,6.0,1.7,1.1,2.8,4.1,3.2,5.1
106,Ghana,1998,DHS,2-5 Years,39.5,36.7,42.4,20.7,18.5,23.2,5.0,4.0,6.3,0.9,0.5,1.7,2.1,1.4,3.1
107,Guatemala,2014,DHS,2-5 Years,49.5,47.7,51.4,12.7,11.6,14.0,0.6,0.4,0.9,0.2,0.1,0.4,3.3,2.8,3.8
108,Guatemala,2008,RHS,2-5 Years,54.0,51.5,56.5,13.9,12.8,15.1,0.6,0.4,1.0,0.1,0.0,0.4,3.6,3.1,4.2
109,Guatemala,2002,RHS,2-5 Years,58.5,54.9,62.0,19.0,16.8,21.4,1.0,0.7,1.3,0.3,0.1,0.7,4.3,3.6,5.3
110,Guatemala,1998,DHS,2-5 Years,59.2,53.5,64.7,21.0,17.7,24.6,1.5,0.9,2.4,0.7,0.4,1.5,5.3,4.1,6.9
111,Guatemala,1995,DHS,2-5 Years,63.7,60.0,67.2,23.9,21.7,26.2,2.8,2.3,3.4,1.1,0.8,1.5,4.4,3.7,5.3
112,Guinea,2018,DHS,2-5 Years,31.9,29.7,34.2,16.3,14.7,17.9,8.3,7.0,9.8,3.3,2.4,4.5,4.9,3.8,6.2
113,Guinea,2016,MICS,2-5 Years,35.8,33.7,37.9,19.0,17.3,20.7,6.1,5.2,7.1,2.1,1.5,2.8,3.4,2.6,4.5
114,Guinea,2012,DHS,2-5 Years,38.7,36.2,41.2,20.2,18.2,22.3,6.0,4.8,7.6,2.2,1.6,2.9,3.4,2.6,4.4
115,Guinea,2005,DHS,2-5 Years,49.2,46.3,52.1,24.7,22.2,27.3,6.4,5.2,7.9,2.1,1.4,3.1,3.9,3.0,5.2
116,Guinea,1999,DHS,2-5 Years,38.1,35.2,41.2,17.8,15.9,19.8,4.5,3.5,5.7,1.6,1.0,2.4,3.9,3.0,4.9
117,Guinea-Bissau,2018,MICS,2-5 Years,29.2,27.2,31.2,16.9,15.5,18.4,4.5,3.8,5.4,0.7,0.4,1.1,1.7,1.3,2.3
118,Guinea-Bissau,2014,MICS,2-5 Years,31.4,29.2,33.6,18.8,17.0,20.6,5.2,4.4,6.0,1.1,0.8,1.6,1.4,1.0,1.8
119,Guyana,2014,MICS,2-5 Years,11.4,9.3,13.9,8.7,7.1,10.5,6.5,5.1,8.2,1.6,1.1,2.4,5.5,4.2,7.2
120,Guyana,2009,DHS,2-5 Years,18.4,15.2,22.1,9.5,7.4,12.3,4.4,3.1,6.4,0.6,0.3,1.5,5.8,4.2,8.0
121,Guyana,2006,MICS,2-5 Years,16.9,14.2,19.9,10.1,8.2,12.4,7.0,5.2,9.4,1.4,0.8,2.6,5.6,3.9,8.0
122,Haiti,2016,DHS,2-5 Years,24.6,22.7,26.5,9.2,8.1,10.4,2.2,1.7,2.8,0.4,0.2,0.9,2.8,2.2,3.5
123,Haiti,2012,DHS,2-5 Years,26.4,24.0,28.8,11.8,10.2,13.6,3.5,2.7,4.4,1.0,0.6,1.6,2.9,2.1,4.0
124,Haiti,2005,DHS,2-5 Years,32.6,29.6,35.8,18.9,16.7,21.4,8.8,6.8,11.2,3.0,2.2,4.2,2.6,1.8,3.6
125,Haiti,2000,DHS,2-5 Years,33.8,30.6,37.2,14.9,12.5,17.7,3.4,2.5,4.6,1.2,0.8,1.7,2.0,1.4,2.8
126,Haiti,1994,DHS,2-5 Years,44.4,41.1,47.7,26.7,24.1,29.6,6.6,5.5,7.9,1.8,1.2,2.6,2.6,1.8,3.8
127,Honduras,2011,DHS,2-5 Years,27.2,25.6,28.8,7.9,7.1,8.7,0.9,0.7,1.2,0.1,0.0,0.2,4.7,4.1,5.3
128,Honduras,2005,DHS,2-5 Years,34.1,32.6,35.6,9.5,8.6,10.4,0.9,0.7,1.2,0.3,0.2,0.4,5.1,4.4,5.8
129,Honduras,2001,RHS,2-5 Years,42.4,39.8,45.1,14.4,12.8,16.1,0.8,0.5,1.1,0.1,0.0,0.3,2.5,2.0,3.0
130,Honduras,1991,RHS,2-5 Years,51.5,48.4,54.6,16.2,14.4,18.2,1.5,1.1,2.0,0.2,0.1,0.4,2.5,1.9,3.2
131,India,2015,DHS,2-5 Years,41.4,41.0,41.8,38.7,38.3,39.1,18.0,17.6,18.3,6.1,5.9,6.4,1.8,1.6,1.9
132,India,2005,DHS,2-5 Years,53.1,52.1,54.1,46.1,45.1,47.1,16.0,15.4,16.7,4.8,4.5,5.2,1.3,1.2,1.6
133,Iraq,2018,MICS,2-5 Years,13.4,11.7,15.2,3.6,2.9,4.4,1.7,1.4,2.2,0.5,0.3,0.7,5.4,4.5,6.4
134,Iraq,2011,MICS,2-5 Years,21.1,20.1,22.2,6.1,5.6,6.8,4.9,4.4,5.6,1.9,1.6,2.3,10.2,9.4,11.1
135,Iraq,2006,MICS,2-5 Years,27.8,26.5,29.2,5.8,5.2,6.5,4.7,4.1,5.3,1.9,1.6,2.3,13.6,12.5,14.7
136,Jordan,2012,DHS,2-5 Years,6.6,5.6,7.8,2.9,2.1,3.9,2.4,1.7,3.3,0.4,0.2,0.9,3.3,2.6,4.2
137,Jordan,2002,DHS,2-5 Years,12.1,10.7,13.6,4.0,3.3,4.8,1.7,1.2,2.4,0.6,0.3,1.1,3.5,2.7,4.5
138,Jordan,1997,DHS,2-5 Years,11.2,10.1,12.5,3.7,3.1,4.5,1.9,1.4,2.4,0.6,0.4,1.0,3.1,2.5,3.7
139,Kazakhstan,2015,MICS,2-5 Years,8.6,7.4,10.0,1.8,1.3,2.6,1.8,1.4,2.5,0.6,0.4,0.9,8.3,6.8,10.0
140,Kazakhstan,2010,MICS,2-5 Years,11.5,10.1,13.0,2.8,2.2,3.7,3.1,2.4,4.1,1.2,0.8,1.8,11.5,9.9,13.2
141,Kazakhstan,2006,MICS,2-5 Years,17.9,16.0,19.9,4.3,3.5,5.4,4.6,3.6,5.7,2.3,1.7,3.2,14.7,13.0,16.5
142,Kazakhstan,1999,DHS,2-5 Years,13.9,9.9,19.2,3.0,1.2,7.0,1.8,0.8,3.8,0.7,0.2,2.3,4.3,2.5,7.2
143,Kenya,2014,DHS,2-5 Years,28.6,27.4,29.8,12.5,11.5,13.5,3.4,2.9,4.0,0.6,0.5,0.8,2.5,2.2,2.9
144,Kenya,2008,DHS,2-5 Years,37.2,34.4,40.0,18.4,16.2,20.8,5.9,4.9,7.2,1.7,1.2,2.4,2.8,2.1,3.7
145,Kenya,2003,DHS,2-5 Years,39.4,37.0,41.8,17.2,15.3,19.2,4.6,3.5,6.0,1.7,1.2,2.2,3.8,3.1,4.7
146,Kenya,1993,DHS,2-5 Years,45.5,43.0,48.0,19.9,18.0,21.9,4.9,4.1,5.9,1.8,1.3,2.5,4.7,3.8,5.7
147,Kiribati,2018,MICS,2-5 Years,19.0,16.7,21.5,6.0,4.7,7.6,1.6,1.0,2.6,0.7,0.3,1.7,1.5,0.9,2.5
148,Kyrgyzstan,2018,MICS,2-5 Years,12.3,10.5,14.5,1.4,0.9,2.2,1.4,0.8,2.3,0.4,0.2,1.1,5.6,4.5,6.9
149,Kyrgyzstan,2014,MICS,2-5 Years,14.6,12.9,16.4,3.2,2.4,4.2,2.4,1.7,3.4,0.7,0.4,1.3,5.1,4.1,6.4
150,Kyrgyzstan,2012,DHS,2-5 Years,20.3,18.0,22.8,4.2,3.2,5.4,2.1,1.4,3.0,1.1,0.6,1.8,6.8,5.6,8.2
151,Kyrgyzstan,2005,MICS,2-5 Years,21.2,17.9,25.0,3.1,2.1,4.6,2.7,1.6,4.3,0.7,0.4,1.3,8.6,6.6,11.0
152,Lao People's Democratic Republic,2017,MICS,2-5 Years,37.8,36.1,39.7,24.0,22.6,25.4,8.3,7.5,9.3,2.9,2.4,3.4,2.9,2.4,3.5
153,Lao People's Democratic Republic,2011,MICS,2-5 Years,52.1,50.0,54.2,30.9,29.0,32.7,5.2,4.5,6.0,1.1,0.8,1.5,1.3,1.1,1.7
154,Lao People's Democratic Republic,2006,MICS,2-5 Years,55.1,52.2,58.0,35.7,33.0,38.5,5.3,4.3,6.4,1.3,0.9,1.9,0.7,0.4,1.2
155,Lesotho,2018,MICS,2-5 Years,34.6,32.1,37.2,10.2,8.7,11.8,1.6,1.0,2.4,0.6,0.3,1.1,4.7,3.7,6.0
156,Lesotho,2014,DHS,2-5 Years,37.6,34.4,41.0,10.6,8.7,12.9,1.4,0.9,2.4,0.2,0.1,0.6,4.7,3.4,6.3
157,Lesotho,2009,DHS,2-5 Years,44.9,41.7,48.2,13.8,11.9,15.9,2.5,1.7,3.6,0.9,0.5,1.6,4.7,3.6,6.3
158,Lesotho,2004,DHS,2-5 Years,50.1,46.4,53.9,19.2,16.7,22.0,4.0,2.9,5.7,1.6,1.0,2.6,4.9,3.6,6.6
159,Liberia,2013,DHS,2-5 Years,38.4,35.1,41.8,15.2,13.2,17.3,3.2,2.3,4.2,1.1,0.7,1.8,2.7,1.9,3.8
160,Liberia,2007,DHS,2-5 Years,47.9,45.4,50.3,20.6,18.5,22.9,4.9,3.9,6.3,2.1,1.5,3.0,4.1,3.3,5.0
161,Madagascar,2018,MICS,2-5 Years,46.0,44.2,47.7,29.2,27.8,30.7,5.5,4.9,6.2,0.6,0.4,0.8,0.4,0.2,0.7
162,Madagascar,2008,DHS,2-5 Years,54.2,51.5,56.7,,,,,,,,,,,,
163,Madagascar,2003,DHS,2-5 Years,57.0,53.3,60.5,40.0,36.9,43.2,12.3,10.6,14.2,4.3,3.3,5.6,3.7,2.6,5.2
164,Malawi,2015,DHS,2-5 Years,41.0,38.9,43.2,13.1,11.8,14.5,2.3,1.7,3.0,0.6,0.3,1.0,2.7,2.1,3.6
165,Malawi,2013,MICS,2-5 Years,46.7,45.1,48.4,17.5,16.3,18.7,2.7,2.3,3.2,0.6,0.4,0.8,3.8,3.2,4.4
166,Malawi,2010,DHS,2-5 Years,51.5,49.0,53.9,14.3,12.7,16.0,2.4,1.7,3.3,0.8,0.5,1.4,7.0,6.0,8.3
167,Malawi,2006,MICS,2-5 Years,58.7,57.3,60.2,16.0,15.2,16.9,2.5,2.1,3.1,0.9,0.5,1.5,10.6,9.7,11.6
168,Malawi,2004,DHS,2-5 Years,57.9,56.1,59.7,19.2,17.8,20.6,4.4,3.8,5.2,2.3,1.9,2.9,8.9,8.0,9.9
169,Malawi,2000,DHS,2-5 Years,63.8,62.2,65.4,20.6,19.3,22.0,3.2,2.7,3.7,1.5,1.2,1.9,9.2,8.1,10.5
170,Maldives,2016,DHS,2-5 Years,11.9,10.1,14.0,15.5,13.2,18.0,10.4,8.6,12.4,1.6,1.1,2.4,5.2,3.9,6.8
171,Maldives,2009,DHS,2-5 Years,17.0,14.6,19.6,19.8,17.5,22.2,11.0,9.4,12.9,2.0,1.3,3.0,6.5,5.2,8.2
172,Mali,2018,DHS,2-5 Years,30.3,28.6,32.2,17.6,16.2,19.1,5.9,5.1,6.9,1.5,1.1,2.0,1.8,1.4,2.3
173,Mali,2015,MICS,2-5 Years,33.4,31.6,35.2,24.3,23.0,25.8,10.5,9.6,11.4,2.2,1.9,2.7,1.4,1.0,1.8
174,Mali,2009,MICS,2-5 Years,30.9,29.4,32.3,16.5,15.5,17.6,4.8,4.3,5.3,0.7,0.5,0.9,0.8,0.7,1.1
175,Mali,2006,DHS,2-5 Years,43.8,41.7,45.9,28.9,27.2,30.5,9.6,8.6,10.6,3.5,2.9,4.1,4.1,3.3,5.0
176,Mali,2001,DHS,2-5 Years,51.8,49.6,54.0,31.7,29.7,33.8,8.1,7.0,9.5,2.8,2.2,3.7,3.3,2.7,4.1
177,Mauritania,2015,MICS,2-5 Years,32.1,30.2,34.1,25.9,24.3,27.7,12.8,11.6,14.1,2.4,2.0,2.9,1.2,0.9,1.6
178,Mauritania,2011,MICS,2-5 Years,35.6,33.7,37.6,26.9,25.1,28.8,10.7,9.6,11.9,2.4,2.0,3.0,3.1,2.5,3.7
179,Mauritania,2007,MICS,2-5 Years,38.0,36.1,39.9,28.6,26.9,30.5,10.4,9.5,11.5,2.6,2.1,3.1,2.2,1.8,2.7
180,Mexico,2015,MICS,2-5 Years,11.6,9.5,14.1,3.3,2.4,4.6,0.9,0.4,1.7,0.5,0.1,1.6,5.8,4.5,7.4
181,Mongolia,2018,MICS,2-5 Years,10.9,9.2,12.8,1.9,1.4,2.7,0.6,0.4,0.9,0.2,0.1,0.4,9.0,7.4,10.9
182,Mongolia,2013,MICS,2-5 Years,12.6,11.3,14.0,1.5,1.1,2.0,0.5,0.3,0.8,0.2,0.1,0.4,8.1,7.2,9.2
183,Mongolia,2010,MICS,2-5 Years,15.8,14.0,17.9,3.2,2.3,4.3,1.2,0.7,1.9,0.4,0.2,1.0,7.8,6.4,9.4
184,Mongolia,2005,MICS,2-5 Years,30.6,28.2,33.1,5.9,4.8,7.2,2.1,1.6,2.9,1.2,0.8,1.8,10.5,9.0,12.2
185,Montenegro,2018,MICS,2-5 Years,6.0,3.2,11.2,0.4,0.1,1.9,1.5,0.7,3.1,0.4,0.1,1.5,7.1,4.5,11.1
186,Montenegro,2013,MICS,2-5 Years,8.8,6.2,12.4,0.6,0.3,1.5,2.1,1.1,4.0,0.6,0.2,1.9,21.7,17.3,26.9
187,Montenegro,2005,MICS,2-5 Years,6.5,4.3,9.7,2.0,1.0,4.0,3.8,1.9,7.3,1.8,0.7,4.1,12.4,9.8,15.5
188,Morocco,2003,DHS,2-5 Years,23.2,21.4,25.0,11.2,10.1,12.4,11.1,9.9,12.4,4.9,4.2,5.8,10.4,9.3,11.6
189,Mozambique,2011,DHS,2-5 Years,45.9,44.0,47.8,14.5,13.3,15.9,3.5,2.9,4.2,1.3,1.0,1.8,6.1,5.4,6.9
190,Mozambique,2008,MICS,2-5 Years,48.4,46.3,50.5,17.0,15.6,18.5,2.4,1.8,3.2,0.8,0.5,1.3,3.7,3.1,4.4
191,Mozambique,2003,DHS,2-5 Years,53.2,51.0,55.5,20.5,18.8,22.3,3.6,2.8,4.7,1.6,1.2,2.3,6.0,5.1,7.1
192,Myanmar,2015,DHS,2-5 Years,36.6,34.3,39.0,21.5,19.5,23.6,5.4,4.4,6.6,0.8,0.5,1.3,1.0,0.6,1.7
193,Namibia,2013,DHS,2-5 Years,26.3,23.9,28.9,14.4,12.4,16.6,4.3,3.3,5.6,1.0,0.6,1.7,2.9,2.0,4.3
194,Namibia,2006,DHS,2-5 Years,31.2,29.0,33.5,19.0,17.3,20.9,6.3,5.5,7.2,1.4,1.0,1.8,3.3,2.6,4.2
195,Namibia,2000,DHS,2-5 Years,33.0,29.9,36.2,23.0,20.0,26.2,8.3,6.7,10.1,2.3,1.6,3.3,2.4,1.7,3.3
196,Nepal,2019,MICS,2-5 Years,35.7,33.5,38.0,26.2,23.9,28.6,10.2,9.0,11.5,2.2,1.7,2.7,2.3,1.7,3.1
197,Nepal,2016,DHS,2-5 Years,42.0,39.0,45.0,29.8,27.1,32.7,6.2,5.0,7.6,0.9,0.5,1.6,0.5,0.3,1.0
198,Nepal,2014,MICS,2-5 Years,44.8,41.8,47.7,33.5,30.8,36.2,8.7,7.3,10.3,2.1,1.5,2.9,1.9,1.2,3.2
199,Nepal,2011,DHS,2-5 Years,49.3,45.9,52.7,31.1,28.1,34.3,7.7,6.1,9.7,1.8,1.2,2.9,0.9,0.5,1.7
200,Nepal,2006,DHS,2-5 Years,58.8,56.3,61.3,42.8,40.2,45.4,10.1,8.6,11.8,1.6,1.3,2.2,0.4,0.2,0.8
201,Nepal,2001,DHS,2-5 Years,67.4,65.1,69.5,45.1,42.8,47.5,6.9,5.7,8.3,0.9,0.6,1.4,0.7,0.4,1.1
202,Nicaragua,2006,RHS,2-5 Years,27.4,24.8,30.2,6.1,5.1,7.2,0.9,0.6,1.4,0.3,0.1,0.6,5.1,4.3,6.1
203,Nicaragua,2001,DHS,2-5 Years,29.0,27.1,30.9,8.1,7.1,9.2,1.3,0.9,1.9,0.5,0.3,0.9,7.3,6.3,8.5
204,Nicaragua,1997,DHS,2-5 Years,35.0,33.1,36.9,10.4,9.2,11.7,2.1,1.5,2.8,1.0,0.7,1.4,7.0,6.1,8.0
205,Niger,2012,DHS,2-5 Years,51.1,48.7,53.4,39.4,37.2,41.6,13.7,12.2,15.5,4.8,3.8,6.0,2.1,1.6,2.9
206,Niger,2006,DHS,2-5 Years,64.1,61.5,66.6,43.9,41.4,46.5,8.0,6.9,9.2,2.4,1.8,3.2,2.7,2.0,3.7
207,Nigeria,2018,DHS,2-5 Years,41.5,39.9,43.1,21.8,20.6,23.1,4.1,3.5,4.6,0.9,0.7,1.1,1.6,1.3,2.0
208,Nigeria,2016,MICS,2-5 Years,48.6,46.9,50.2,30.6,29.1,32.1,6.5,6.0,7.1,1.6,1.3,1.9,1.5,1.2,1.7
209,Nigeria,2011,MICS,2-5 Years,42.5,40.4,44.5,24.5,23.0,26.0,5.9,5.3,6.7,1.9,1.6,2.3,2.8,2.4,3.3
210,Nigeria,2003,DHS,2-5 Years,48.0,45.2,50.8,27.6,24.7,30.7,7.1,5.8,8.7,2.8,1.9,4.0,5.5,4.5,6.7
211,Pakistan,2017,DHS,2-5 Years,44.8,41.4,48.3,26.0,23.2,29.0,4.8,3.8,6.1,1.3,0.8,2.0,2.1,1.5,3.0
212,Pakistan,2012,DHS,2-5 Years,49.6,46.3,52.9,31.4,27.9,35.1,6.7,4.9,9.2,1.6,1.0,2.5,4.2,3.1,5.7
213,Paraguay,2016,MICS,2-5 Years,4.7,3.7,6.1,0.8,0.5,1.3,0.5,0.3,1.0,0.2,0.1,0.4,11.9,10.1,13.9
214,Peru,2018,DHS,2-5 Years,11.5,10.8,12.2,2.1,1.8,2.4,0.3,0.2,0.4,0.0,0.0,0.1,7.9,7.3,8.5
215,Peru,2017,DHS,2-5 Years,12.3,11.4,13.2,2.5,2.1,2.9,0.3,0.2,0.4,0.0,0.0,0.1,7.7,7.0,8.4
216,Peru,2016,DHS,2-5 Years,13.1,12.2,14.1,2.8,2.4,3.2,0.4,0.3,0.5,0.0,0.0,0.1,7.7,7.1,8.5
217,Peru,2015,DHS,2-5 Years,14.7,13.8,15.6,2.8,2.4,3.2,0.4,0.3,0.5,0.0,0.0,0.1,8.1,7.4,8.8
218,Peru,2014,DHS,2-5 Years,15.2,13.9,16.6,2.1,1.7,2.5,0.2,0.1,0.4,0.0,0.0,0.0,9.0,7.9,10.2
219,Peru,2013,DHS,2-5 Years,17.3,15.8,18.9,3.1,2.6,3.7,0.2,0.1,0.4,0.1,0.0,0.2,8.1,6.9,9.4
220,Peru,2012,DHS,2-5 Years,18.3,17.1,19.7,2.7,2.3,3.2,0.4,0.3,0.7,0.1,0.0,0.2,6.6,5.8,7.6
221,Peru,2011,DHS,2-5 Years,19.5,18.1,21.1,3.8,3.2,4.5,0.3,0.2,0.5,0.0,0.0,0.1,7.9,6.9,9.1
222,Peru,2010,DHS,2-5 Years,23.9,22.3,25.4,3.6,3.0,4.3,0.5,0.3,0.8,0.1,0.1,0.4,6.1,5.2,7.1
223,Peru,2009,DHS,2-5 Years,25.3,23.7,27.0,4.0,3.4,4.6,0.4,0.3,0.7,0.2,0.1,0.4,8.1,7.0,9.3
224,Peru,2007,DHS,2-5 Years,29.3,27.3,31.4,4.3,3.6,5.1,0.7,0.4,1.1,0.2,0.1,0.4,7.7,6.6,9.0
225,Peru,2005,DHS,2-5 Years,34.0,30.5,37.8,6.1,4.6,8.1,1.0,0.5,2.0,0.0,0.0,0.3,7.4,5.6,9.6
226,Peru,2000,DHS,2-5 Years,36.1,34.5,37.8,5.2,4.6,5.8,0.8,0.6,1.1,0.4,0.2,0.6,10.8,9.8,11.9
227,Peru,1996,DHS,2-5 Years,35.8,34.3,37.4,5.4,4.9,6.0,1.0,0.8,1.3,0.5,0.4,0.8,8.9,8.1,9.8
228,Republic of Moldova,2012,MICS,2-5 Years,7.3,5.7,9.3,2.4,1.5,3.8,1.6,0.9,2.8,0.2,0.0,0.8,3.4,2.4,4.9
229,Republic of Moldova,2005,DHS,2-5 Years,10.5,8.4,13.1,4.0,2.9,5.6,4.9,3.5,6.8,1.5,0.9,2.6,7.6,5.7,10.1
230,North Macedonia,2018,MICS,2-5 Years,3.6,2.2,5.7,0.9,0.4,2.5,1.3,0.4,3.7,,,,13.2,10.2,17.1
231,North Macedonia,2011,MICS,2-5 Years,4.8,3.3,6.7,1.1,0.6,2.2,0.7,0.3,1.6,0.2,0.0,1.4,15.1,12.4,18.2
232,North Macedonia,2005,MICS,2-5 Years,9.4,7.6,11.6,1.6,1.1,2.3,1.1,0.7,1.6,0.4,0.2,0.8,15.5,13.1,18.3
233,Rwanda,2014,DHS,2-5 Years,43.2,40.8,45.5,10.1,8.9,11.6,1.0,0.7,1.6,0.3,0.1,0.6,5.8,4.9,6.8
234,Rwanda,2010,DHS,2-5 Years,49.7,47.5,51.9,11.9,10.6,13.3,1.7,1.2,2.3,0.4,0.2,0.7,5.9,5.0,6.9
235,Rwanda,2005,DHS,2-5 Years,59.5,57.1,61.9,17.1,15.5,18.9,2.8,2.2,3.6,1.0,0.6,1.4,6.4,5.3,7.6
236,Rwanda,2000,DHS,2-5 Years,56.8,54.9,58.8,20.2,18.7,21.9,5.5,4.6,6.6,2.4,1.8,3.1,6.7,5.9,7.7
237,Saint Lucia,2012,MICS,2-5 Years,1.7,0.7,4.6,1.0,0.2,4.6,2.1,0.7,6.3,0.0,0.0,0.0,5.5,2.5,11.3
238,Sao Tome and Principe,2019,MICS,2-5 Years,12.4,10.2,14.9,5.2,3.8,7.1,3.5,2.3,5.1,1.1,0.6,1.9,3.2,2.2,4.6
239,Sao Tome and Principe,2014,MICS,2-5 Years,17.6,15.3,20.2,6.6,5.1,8.6,2.4,1.6,3.6,0.4,0.2,1.1,2.1,1.3,3.3
240,Senegal,2017,DHS,2-5 Years,18.1,16.8,19.4,15.5,14.4,16.7,8.4,7.6,9.3,1.0,0.7,1.3,0.3,0.2,0.5
241,Senegal,2016,DHS,2-5 Years,18.2,16.4,20.3,14.4,12.8,16.1,6.9,5.9,8.0,0.9,0.6,1.3,0.6,0.2,1.5
242,Senegal,2015,DHS,2-5 Years,22.2,20.2,24.4,17.1,15.4,19.0,7.7,6.6,9.0,1.1,0.7,1.6,0.5,0.3,0.8
243,Senegal,2014,DHS,2-5 Years,20.5,18.6,22.5,14.5,12.8,16.3,6.4,5.2,7.7,0.8,0.5,1.2,0.6,0.4,0.9
244,Senegal,2012,DHS,2-5 Years,20.9,19.3,22.7,18.8,16.8,21.0,9.1,7.8,10.6,1.5,1.1,2.0,0.6,0.3,1.0
245,Senegal,2010,DHS,2-5 Years,29.7,27.1,32.5,20.4,18.4,22.6,8.8,7.4,10.3,1.6,1.1,2.3,1.4,0.9,2.3
246,Senegal,2005,DHS,2-5 Years,23.0,20.2,26.0,15.6,13.2,18.3,6.8,5.6,8.3,1.3,0.8,2.0,1.7,1.0,2.7
247,Serbia,2019,MICS,2-5 Years,5.4,3.3,8.6,1.1,0.4,3.3,2.4,1.3,4.5,0.4,0.2,1.0,12.8,9.7,16.8
248,Serbia,2014,MICS,2-5 Years,4.5,3.0,6.9,1.6,0.9,2.6,3.3,2.1,5.2,1.3,0.7,2.5,12.7,10.0,16.0
249,Serbia,2010,MICS,2-5 Years,5.1,3.7,6.9,1.1,0.5,2.6,2.4,1.4,4.2,0.5,0.3,0.9,13.8,11.7,16.2
250,Serbia,2005,MICS,2-5 Years,7.7,6.2,9.5,1.5,0.9,2.4,3.3,2.4,4.4,1.3,0.7,2.1,18.1,16.1,20.2
251,Sierra Leone,2017,MICS,2-5 Years,33.5,31.8,35.1,13.5,12.4,14.6,4.2,3.6,5.0,1.2,0.9,1.5,3.4,2.9,4.1
252,Sierra Leone,2005,MICS,2-5 Years,52.1,49.6,54.6,25.8,23.7,27.9,6.5,5.3,7.9,2.9,2.2,4.0,5.5,4.5,6.6
253,Somalia,2006,MICS,2-5 Years,50.6,47.2,54.0,38.9,35.7,42.2,11.5,10.1,13.1,2.9,2.3,3.7,3.7,2.8,5.0
254,South Africa,2016,DHS,2-5 Years,24.9,21.0,29.3,5.7,4.1,8.0,2.5,1.4,4.3,0.3,0.1,0.8,10.1,8.0,12.8
255,South Sudan,2010,MICS,2-5 Years,34.9,32.8,37.0,29.7,27.7,31.7,22.1,20.0,24.3,9.6,8.2,11.3,5.8,4.9,7.0
256,Sudan,2014,MICS,2-5 Years,45.5,43.0,48.0,37.8,35.5,40.3,13.9,12.7,15.2,3.3,2.8,3.8,2.9,2.0,4.2
257,Suriname,2018,MICS,2-5 Years,9.6,7.7,12.0,7.3,5.8,9.2,4.5,3.4,5.9,0.7,0.3,1.3,3.0,2.3,4.0
258,Suriname,2010,MICS,2-5 Years,8.0,6.6,9.8,4.9,3.9,6.3,4.7,3.5,6.2,0.7,0.4,1.4,3.1,2.2,4.5
259,Suriname,2006,MICS,2-5 Years,10.2,8.1,12.8,8.7,7.1,10.5,4.5,3.4,6.0,0.7,0.4,1.4,2.6,1.8,3.7
260,Syrian Arab Republic,2006,MICS,2-5 Years,27.4,25.8,29.1,8.9,8.0,9.9,9.8,8.8,10.9,4.3,3.7,5.0,16.7,15.4,18.1
261,Tajikistan,2017,DHS,2-5 Years,20.8,18.9,22.9,6.8,5.7,8.0,3.0,2.4,3.7,0.9,0.6,1.3,3.3,2.7,4.2
262,Tajikistan,2012,DHS,2-5 Years,29.1,26.9,31.4,12.7,10.8,14.7,6.6,5.4,8.1,2.8,2.1,3.7,6.5,5.2,8.2
263,Tajikistan,2005,MICS,2-5 Years,37.9,35.2,40.7,11.7,10.1,13.5,4.2,3.1,5.5,1.3,0.8,2.0,7.0,5.6,8.8
264,Thailand,2019,MICS,2-5 Years,11.0,9.7,12.5,6.9,5.7,8.2,7.0,5.6,8.6,2.6,1.7,3.8,10.6,9.1,12.4
265,Thailand,2015,MICS,2-5 Years,10.2,8.6,11.9,6.5,5.3,8.1,4.9,3.5,6.7,1.3,0.7,2.3,10.2,8.8,11.8
266,Thailand,2012,MICS,2-5 Years,15.1,13.2,17.2,8.7,7.5,10.1,6.1,5.2,7.2,1.9,1.4,2.7,11.0,9.5,12.8
267,Thailand,2005,MICS,2-5 Years,15.0,13.4,16.8,7.4,6.4,8.7,3.6,2.9,4.4,1.1,0.8,1.5,8.4,7.4,9.4
268,Timor-Leste,2009,DHS,2-5 Years,62.1,60.5,63.7,51.5,49.8,53.2,18.6,17.2,20.1,7.1,6.2,8.1,3.9,3.2,4.7
269,Togo,2017,MICS,2-5 Years,27.2,24.8,29.7,15.2,13.5,17.0,4.4,3.6,5.4,0.8,0.5,1.3,0.9,0.6,1.4
270,Togo,2013,DHS,2-5 Years,33.2,30.9,35.5,16.7,15.1,18.5,3.1,2.4,4.0,0.4,0.2,0.8,1.8,1.3,2.6
271,Togo,2010,MICS,2-5 Years,35.5,32.9,38.3,17.1,15.5,18.9,2.8,2.2,3.6,0.7,0.4,1.1,1.3,0.8,2.2
272,Togo,2006,MICS,2-5 Years,41.4,38.2,44.7,24.1,21.2,27.3,9.3,7.7,11.1,3.6,2.8,4.6,4.4,3.2,6.0
273,Tonga,2019,MICS,2-5 Years,2.2,1.2,4.0,1.0,0.6,1.6,1.0,0.5,2.1,0.6,0.3,1.3,11.1,8.5,14.3
274,Trinidad and Tobago,2011,MICS,2-5 Years,6.9,5.0,9.4,4.0,2.7,5.9,6.6,4.7,9.1,1.8,0.9,3.3,11.0,8.5,14.1
275,Tunisia,2018,MICS,2-5 Years,8.2,6.7,9.9,1.0,0.6,1.6,1.4,1.0,2.0,0.6,0.3,1.0,15.8,13.9,18.0
276,Tunisia,2011,MICS,2-5 Years,9.0,7.3,11.0,1.4,0.9,2.2,1.9,1.1,3.1,1.0,0.5,2.0,11.4,9.7,13.3
277,Türkiye,2013,DHS,2-5 Years,10.4,8.7,12.4,2.6,1.8,3.8,0.9,0.5,1.5,0.2,0.1,0.4,9.0,7.4,10.9
278,Türkiye,2003,DHS,2-5 Years,18.0,16.2,19.9,3.9,3.1,4.9,0.7,0.4,1.2,0.3,0.1,1.0,6.5,5.6,7.5
279,Türkiye,1998,DHS,2-5 Years,24.5,21.9,27.3,7.9,6.6,9.5,1.3,0.8,2.0,0.3,0.1,0.7,3.2,2.4,4.3
280,Türkiye,1993,DHS,2-5 Years,30.3,27.5,33.2,9.3,7.5,11.5,2.6,1.9,3.4,0.9,0.5,1.5,4.4,3.4,5.5
281,Turkmenistan,2019,MICS,2-5 Years,5.2,4.2,6.4,2.1,1.5,2.8,3.1,2.3,4.2,0.9,0.5,1.6,2.8,2.1,3.7
282,Turkmenistan,2015,MICS,2-5 Years,13.4,11.5,15.7,2.5,1.7,3.7,2.8,1.9,4.0,0.7,0.4,1.4,6.1,4.9,7.5
283,Turkmenistan,2006,MICS,2-5 Years,20.9,18.4,23.7,7.2,5.6,9.2,3.8,2.5,5.7,1.4,0.7,3.0,3.9,2.8,5.5
284,Uganda,2016,DHS,2-5 Years,31.4,29.4,33.4,9.7,8.6,10.9,1.8,1.4,2.3,0.5,0.3,0.8,2.4,1.8,3.1
285,Uganda,2011,DHS,2-5 Years,38.2,34.7,41.8,12.9,10.9,15.1,2.1,1.4,3.2,0.7,0.3,1.6,3.3,2.4,4.6
286,Uganda,2006,DHS,2-5 Years,43.3,40.2,46.4,14.3,12.3,16.5,2.3,1.6,3.2,0.5,0.2,1.0,4.8,3.6,6.4
287,Uganda,2000,DHS,2-5 Years,50.5,48.2,52.9,17.7,15.9,19.7,2.1,1.6,2.8,0.8,0.5,1.4,4.5,3.8,5.4
288,United Republic of Tanzania,2015,DHS,2-5 Years,39.4,37.6,41.3,14.7,13.5,16.1,3.0,2.5,3.6,0.7,0.5,1.1,2.4,2.0,2.9
289,United Republic of Tanzania,2010,DHS,2-5 Years,46.5,44.4,48.6,16.5,14.9,18.3,2.8,2.3,3.4,0.7,0.4,1.0,3.3,2.7,4.0
290,United Republic of Tanzania,2004,DHS,2-5 Years,50.5,48.1,52.9,17.8,16.3,19.5,2.2,1.7,2.9,0.6,0.3,0.9,3.8,3.0,4.7
291,United Republic of Tanzania,1999,DHS,2-5 Years,58.5,54.6,62.2,26.2,22.4,30.4,3.5,2.2,5.6,1.1,0.5,2.4,3.3,2.4,4.5
292,United Republic of Tanzania,1996,DHS,2-5 Years,57.8,55.1,60.4,26.7,24.9,28.6,5.5,4.7,6.6,1.9,1.4,2.5,4.4,3.6,5.4
293,Uzbekistan,2006,MICS,2-5 Years,22.0,20.0,24.1,3.8,3.1,4.8,2.5,1.8,3.6,0.9,0.6,1.5,11.4,10.0,12.9
294,Vanuatu,2007,MICS,2-5 Years,30.3,26.2,34.7,10.7,8.5,13.4,4.4,3.1,6.4,1.7,1.0,3.0,5.4,4.0,7.3
295,Viet Nam,2010,MICS,2-5 Years,26.8,24.7,29.1,14.1,12.4,16.0,3.5,2.6,4.5,1.1,0.7,1.7,4.2,3.4,5.1
296,Yemen,2013,DHS,2-5 Years,55.9,54.2,57.7,43.9,42.2,45.6,13.0,11.9,14.1,3.5,3.0,4.1,1.8,1.5,2.2
297,Zambia,2018,DHS,2-5 Years,36.6,35.0,38.2,11.7,10.7,12.8,3.6,3.0,4.2,1.4,1.0,1.8,3.5,3.0,4.2
298,Zambia,2013,DHS,2-5 Years,41.7,40.2,43.3,16.1,15.1,17.1,5.0,4.4,5.7,2.1,1.7,2.6,3.9,3.4,4.6
299,Zambia,2007,DHS,2-5 Years,50.4,48.0,52.8,15.8,14.4,17.3,3.8,3.1,4.5,1.6,1.3,2.2,6.5,5.5,7.7
300,Zambia,2001,DHS,2-5 Years,59.8,57.6,62.0,23.2,21.5,25.0,3.1,2.5,3.8,1.3,0.9,1.8,5.7,4.9,6.7
301,Zambia,1996,DHS,2-5 Years,58.1,55.8,60.4,18.3,17.0,19.8,2.1,1.6,2.8,0.6,0.4,1.0,7.0,6.0,8.1
302,Zimbabwe,2019,MICS,2-5 Years,25.3,23.5,27.1,9.6,8.5,10.7,2.1,1.6,2.8,0.2,0.1,0.4,1.9,1.5,2.4
303,Zimbabwe,2015,DHS,2-5 Years,28.4,26.5,30.3,7.7,6.7,8.8,1.8,1.4,2.3,0.6,0.3,0.9,3.8,3.2,4.6
304,Zimbabwe,2014,MICS,2-5 Years,29.8,28.5,31.1,10.8,9.9,11.8,2.0,1.6,2.4,0.4,0.3,0.6,2.6,2.2,3.1
305,Zimbabwe,2010,DHS,2-5 Years,37.6,35.7,39.5,10.2,9.1,11.4,1.6,1.2,2.1,0.2,0.1,0.5,4.1,3.4,5.0
306,Zimbabwe,2009,MICS,2-5 Years,37.0,35.3,38.9,11.9,10.8,13.1,1.4,1.1,1.9,0.4,0.2,0.7,2.9,2.3,3.6
307,Zimbabwe,2005,DHS,2-5 Years,37.2,34.7,39.7,14.9,13.3,16.7,5.8,5.0,6.9,2.3,1.8,3.0,7.0,6.0,8.1
308,Zimbabwe,1999,DHS,2-5 Years,36.6,34.2,39.0,12.6,11.1,14.3,5.6,4.6,6.8,2.4,1.8,3.1,8.3,6.9,9.9
